2025-12-25T08:06:29.631Z [INFO]: Bot initialized
2025-12-25T08:06:29.632Z [INFO]: User state initialized
2025-12-25T08:06:29.639Z [INFO]: Express server listening on port 50123
2025-12-25T08:06:29.707Z [INFO]: ✅ Terhubung ke SQLite3
2025-12-25T08:06:29.715Z [ERROR]: Gagal load pending_deposits:
2025-12-25T08:06:29.725Z [INFO]: ✅ Tabel bonus_config siap
2025-12-25T08:06:29.728Z [INFO]: ✅ Default bonus_config dijamin ada
2025-12-25T08:06:29.732Z [INFO]: ✅ Tabel bonus_log siap
2025-12-25T08:06:29.736Z [INFO]: ✅ Tabel pending_deposits siap
2025-12-25T08:06:29.740Z [INFO]: ✅ Tabel log_penjualan siap
2025-12-25T08:06:29.746Z [INFO]: ✅ Tabel unlimited_trial_users siap
2025-12-25T08:06:29.751Z [INFO]: ✅ Tabel ui_config siap
2025-12-25T08:06:29.757Z [INFO]: ✅ Default ui_config dijamin ada
2025-12-25T08:06:29.758Z [INFO]: ℹ️ Kolom show_sewa_script_button sudah tersedia di ui_config
2025-12-25T08:06:29.764Z [INFO]: ✅ Tabel reseller_config siap
2025-12-25T08:06:29.770Z [INFO]: ✅ Default reseller_config dijamin ada
2025-12-25T08:06:29.777Z [INFO]: ✅ Tabel topup_log siap
2025-12-25T08:06:29.783Z [INFO]: Server table created or already exists
2025-12-25T08:06:29.793Z [INFO]: Users table created or already exists
2025-12-25T08:16:07.795Z [INFO]: 📥 Perintah /start atau /menu diterima
2025-12-25T08:16:08.133Z [WARN]: checkMembership warn:
2025-12-25T08:16:13.965Z [WARN]: checkMembership warn:
2025-12-25T08:16:17.786Z [WARN]: checkMembership warn:
2025-12-25T08:16:19.507Z [WARN]: checkMembership warn:
2025-12-25T08:16:29.329Z [INFO]: Admin menu requested
2025-12-25T08:16:32.202Z [INFO]: 🧹 Menu lama user 6197482164 dihapus (kembali ke menu utama)
2025-12-25T08:16:32.932Z [INFO]: ℹ️ Edit message diabaikan untuk user 6197482164, kirim ulang menu baru
2025-12-25T08:16:33.314Z [INFO]: ✅ Menu utama baru dikirim untuk user 6197482164
2025-12-25T08:16:33.314Z [INFO]: ✅ Menu utama baru dikirim ke user 6197482164
2025-12-25T08:17:01.670Z [INFO]: 📥 Perintah /start atau /menu diterima
2025-12-25T08:17:02.010Z [WARN]: checkMembership warn:
2025-12-25T08:17:09.360Z [WARN]: checkMembership warn:
2025-12-25T08:17:18.083Z [INFO]: 📥 Perintah /start atau /menu diterima
2025-12-25T08:17:18.449Z [WARN]: checkMembership warn:
2025-12-25T08:17:21.253Z [WARN]: checkMembership warn:
2025-12-25T08:17:23.373Z [WARN]: checkMembership warn:
2025-12-25T08:17:28.323Z [WARN]: checkMembership warn:
2025-12-25T08:19:50.132Z [INFO]: Bot initialized
2025-12-25T08:19:50.136Z [INFO]: User state initialized
2025-12-25T08:19:50.147Z [INFO]: Express server listening on port 50123
2025-12-25T08:19:50.207Z [INFO]: ✅ Terhubung ke SQLite3
2025-12-25T08:19:50.222Z [INFO]: ✅ Tabel bonus_config siap
2025-12-25T08:19:50.223Z [INFO]: Pending deposit loaded:
2025-12-25T08:19:50.224Z [INFO]: ✅ Default bonus_config dijamin ada
2025-12-25T08:19:50.224Z [INFO]: ✅ Tabel bonus_log siap
2025-12-25T08:19:50.225Z [INFO]: ✅ Tabel pending_deposits siap
2025-12-25T08:19:50.225Z [INFO]: ✅ Tabel log_penjualan siap
2025-12-25T08:19:50.226Z [INFO]: ✅ Tabel unlimited_trial_users siap
2025-12-25T08:19:50.227Z [INFO]: ✅ Tabel ui_config siap
2025-12-25T08:19:50.227Z [INFO]: ✅ Default ui_config dijamin ada
2025-12-25T08:19:50.228Z [INFO]: ℹ️ Kolom show_sewa_script_button sudah tersedia di ui_config
2025-12-25T08:19:50.228Z [INFO]: ✅ Tabel reseller_config siap
2025-12-25T08:19:50.228Z [INFO]: ✅ Default reseller_config dijamin ada
2025-12-25T08:19:50.228Z [INFO]: ✅ Tabel topup_log siap
2025-12-25T08:19:50.229Z [INFO]: Server table created or already exists
2025-12-25T08:19:50.229Z [INFO]: Users table created or already exists
2025-12-25T08:20:40.698Z [WARN]: checkMembership warn:
2025-12-25T08:20:42.844Z [WARN]: checkMembership warn:
2025-12-25T08:20:49.973Z [INFO]: Bot initialized
2025-12-25T08:20:49.974Z [INFO]: User state initialized
2025-12-25T08:20:49.982Z [INFO]: Express server listening on port 50123
2025-12-25T08:20:50.048Z [INFO]: ✅ Terhubung ke SQLite3
2025-12-25T08:20:50.055Z [INFO]: ✅ Tabel bonus_config siap
2025-12-25T08:20:50.056Z [INFO]: Pending deposit loaded:
2025-12-25T08:20:50.056Z [INFO]: ✅ Default bonus_config dijamin ada
2025-12-25T08:20:50.057Z [INFO]: ✅ Tabel bonus_log siap
2025-12-25T08:20:50.057Z [INFO]: ✅ Tabel pending_deposits siap
2025-12-25T08:20:50.058Z [INFO]: ✅ Tabel log_penjualan siap
2025-12-25T08:20:50.058Z [INFO]: ✅ Tabel unlimited_trial_users siap
2025-12-25T08:20:50.059Z [INFO]: ✅ Tabel ui_config siap
2025-12-25T08:20:50.059Z [INFO]: ✅ Default ui_config dijamin ada
2025-12-25T08:20:50.060Z [INFO]: ℹ️ Kolom show_sewa_script_button sudah tersedia di ui_config
2025-12-25T08:20:50.061Z [INFO]: ✅ Tabel reseller_config siap
2025-12-25T08:20:50.061Z [INFO]: ✅ Default reseller_config dijamin ada
2025-12-25T08:20:50.061Z [INFO]: ✅ Tabel topup_log siap
2025-12-25T08:20:50.062Z [INFO]: Server table created or already exists
2025-12-25T08:20:50.062Z [INFO]: Users table created or already exists
2025-12-25T08:20:53.584Z [WARN]: checkMembership warn:
2025-12-25T08:21:39.927Z [INFO]: 📥 Perintah /start atau /menu diterima
2025-12-25T08:21:40.263Z [WARN]: checkMembership warn:
2025-12-25T08:23:56.327Z [INFO]: 📥 Perintah /start atau /menu diterima
2025-12-25T08:23:56.661Z [WARN]: checkMembership warn:
2025-12-25T08:24:11.825Z [WARN]: checkMembership warn:
2025-12-25T08:24:14.833Z [WARN]: checkMembership warn:
2025-12-25T08:28:04.028Z [INFO]: Bot initialized
2025-12-25T08:28:04.029Z [INFO]: User state initialized
2025-12-25T08:28:04.040Z [INFO]: Express server listening on port 50123
2025-12-25T08:28:04.112Z [INFO]: ✅ Terhubung ke SQLite3
2025-12-25T08:28:04.122Z [INFO]: ✅ Tabel bonus_config siap
2025-12-25T08:28:04.123Z [INFO]: Pending deposit loaded:
2025-12-25T08:28:04.123Z [INFO]: ✅ Default bonus_config dijamin ada
2025-12-25T08:28:04.124Z [INFO]: ✅ Tabel bonus_log siap
2025-12-25T08:28:04.124Z [INFO]: ✅ Tabel pending_deposits siap
2025-12-25T08:28:04.126Z [INFO]: ✅ Tabel log_penjualan siap
2025-12-25T08:28:04.129Z [INFO]: ✅ Tabel unlimited_trial_users siap
2025-12-25T08:28:04.130Z [INFO]: ✅ Tabel ui_config siap
2025-12-25T08:28:04.131Z [INFO]: ✅ Default ui_config dijamin ada
2025-12-25T08:28:04.131Z [INFO]: ℹ️ Kolom show_sewa_script_button sudah tersedia di ui_config
2025-12-25T08:28:04.132Z [INFO]: ✅ Tabel reseller_config siap
2025-12-25T08:28:04.132Z [INFO]: ✅ Default reseller_config dijamin ada
2025-12-25T08:28:04.133Z [INFO]: ✅ Tabel topup_log siap
2025-12-25T08:28:04.134Z [INFO]: Server table created or already exists
2025-12-25T08:28:04.134Z [INFO]: Users table created or already exists
2025-12-25T08:28:10.724Z [WARN]: checkMembership warn:
2025-12-25T08:28:12.892Z [WARN]: checkMembership warn:
2025-12-25T08:28:55.367Z [WARN]: checkMembership warn:
2025-12-25T08:31:31.276Z [INFO]: Bot initialized
2025-12-25T08:31:31.277Z [INFO]: User state initialized
2025-12-25T08:31:31.284Z [INFO]: Express server listening on port 50123
2025-12-25T08:31:31.345Z [INFO]: ✅ Terhubung ke SQLite3
2025-12-25T08:31:31.350Z [INFO]: ✅ Tabel bonus_config siap
2025-12-25T08:31:31.350Z [INFO]: Pending deposit loaded:
2025-12-25T08:31:31.351Z [INFO]: ✅ Default bonus_config dijamin ada
2025-12-25T08:31:31.351Z [INFO]: ✅ Tabel bonus_log siap
2025-12-25T08:31:31.351Z [INFO]: ✅ Tabel pending_deposits siap
2025-12-25T08:31:31.352Z [INFO]: ✅ Tabel log_penjualan siap
2025-12-25T08:31:31.352Z [INFO]: ✅ Tabel unlimited_trial_users siap
2025-12-25T08:31:31.352Z [INFO]: ✅ Tabel ui_config siap
2025-12-25T08:31:31.353Z [INFO]: ✅ Default ui_config dijamin ada
2025-12-25T08:31:31.353Z [INFO]: ℹ️ Kolom show_sewa_script_button sudah tersedia di ui_config
2025-12-25T08:31:31.358Z [INFO]: ✅ Tabel reseller_config siap
2025-12-25T08:31:31.358Z [INFO]: ✅ Default reseller_config dijamin ada
2025-12-25T08:31:31.359Z [INFO]: ✅ Tabel topup_log siap
2025-12-25T08:31:31.359Z [INFO]: Server table created or already exists
2025-12-25T08:31:31.360Z [INFO]: Users table created or already exists
2025-12-25T08:31:36.255Z [INFO]: ✅ Menu utama diedit untuk user 1210833546
2025-12-25T08:32:30.853Z [INFO]: ✅ Menu utama diedit untuk user 7446261712
2025-12-25T08:33:40.584Z [INFO]: 🧹 Menu lama user 1210833546 dihapus (kembali ke menu utama)
2025-12-25T08:33:41.095Z [INFO]: ℹ️ Edit message diabaikan untuk user 1210833546, kirim ulang menu baru
2025-12-25T08:33:41.525Z [INFO]: ✅ Menu utama baru dikirim untuk user 1210833546
2025-12-25T08:33:41.525Z [INFO]: ✅ Menu utama baru dikirim ke user 1210833546
2025-12-25T08:47:51.228Z [INFO]: 📥 Perintah /start atau /menu diterima
2025-12-25T08:47:51.975Z [INFO]: ✅ User ID 6197482164 berhasil disimpan
2025-12-25T08:47:52.713Z [INFO]: ✅ Menu utama baru dikirim untuk user 6197482164
2025-12-25T08:48:08.932Z [INFO]: Admin menu requested
2025-12-25T08:48:18.964Z [INFO]: 📥 Proses tambah server dimulai
2025-12-25T08:48:25.354Z [INFO]: 📩 Input teks dari 6197482164: sgvvip.klmpkfsvpn.me
2025-12-25T08:48:28.317Z [INFO]: 📩 Input teks dari 6197482164: 3ca1c4
2025-12-25T08:48:39.390Z [INFO]: 📩 Input teks dari 6197482164: SG LEASEWEB
2025-12-25T08:48:43.908Z [INFO]: 📩 Input teks dari 6197482164: 200
2025-12-25T08:48:46.619Z [INFO]: 📩 Input teks dari 6197482164: 2
2025-12-25T08:48:58.851Z [INFO]: 📩 Input teks dari 6197482164: 100
2025-12-25T08:49:10.528Z [INFO]: 📩 Input teks dari 6197482164: 400
2025-12-25T08:49:24.377Z [INFO]: 📥 Perintah /start atau /menu diterima
2025-12-25T08:49:24.884Z [INFO]: ℹ️ User ID 6197482164 sudah ada
2025-12-25T08:49:25.218Z [INFO]: 🧹 Menu lama user 6197482164 dihapus
2025-12-25T08:49:25.952Z [INFO]: ✅ Menu utama baru dikirim untuk user 6197482164
2025-12-25T08:49:30.758Z [INFO]: trial service menu sent
2025-12-25T08:49:32.458Z [INFO]: Memulai proses trial untuk ssh di halaman 1
2025-12-25T08:50:04.652Z [INFO]: 🔍 User 7446261712 memulai proses top-up saldo (QRIS Orkut).
2025-12-25T08:50:04.990Z [INFO]: 🧹 Menu lama milik 7446261712 berhasil dihapus
2025-12-25T08:50:04.990Z [INFO]: 📝 Menunggu input nominal dari user 7446261712 untuk QRIS Orkut
2025-12-25T08:50:11.047Z [INFO]: 📩 Input teks dari 7446261712: 100
2025-12-25T08:50:58.122Z [INFO]: 🔍 User 7446261712 memulai proses top-up saldo (QRIS Orkut).
2025-12-25T08:50:58.464Z [INFO]: 🧹 Menu lama milik 7446261712 berhasil dihapus
2025-12-25T08:50:58.464Z [INFO]: 📝 Menunggu input nominal dari user 7446261712 untuk QRIS Orkut
2025-12-25T08:51:05.651Z [INFO]: 📩 Input teks dari 7446261712: 100
2025-12-25T08:54:49.608Z [INFO]: 📥 Perintah /start atau /menu diterima
2025-12-25T08:54:50.109Z [INFO]: ℹ️ User ID 6197482164 sudah ada
2025-12-25T08:54:50.476Z [INFO]: 🧹 Menu lama user 6197482164 dihapus
2025-12-25T08:54:51.230Z [INFO]: ✅ Menu utama baru dikirim untuk user 6197482164
2025-12-25T08:55:48.633Z [INFO]: Admin menu requested
2025-12-25T08:57:21.529Z [INFO]: 📥 Perintah /start atau /menu diterima
2025-12-25T08:57:22.037Z [INFO]: ✅ User ID 1210833546 berhasil disimpan
2025-12-25T08:57:22.387Z [INFO]: 🧹 Menu lama user 1210833546 dihapus
2025-12-25T08:57:23.112Z [INFO]: ✅ Menu utama baru dikirim untuk user 1210833546
2025-12-25T09:01:23.947Z [INFO]: 🧹 Menu lama user 6197482164 dihapus (kembali ke menu utama)
2025-12-25T09:01:24.707Z [INFO]: ℹ️ Edit message diabaikan untuk user 6197482164, kirim ulang menu baru
2025-12-25T09:01:25.096Z [INFO]: ✅ Menu utama baru dikirim untuk user 6197482164
2025-12-25T09:01:25.096Z [INFO]: ✅ Menu utama baru dikirim ke user 6197482164
2025-12-25T09:03:11.925Z [INFO]: 🧹 Menu lama user 6197482164 dihapus (kembali ke menu utama)
2025-12-25T09:03:12.620Z [INFO]: ℹ️ Edit message diabaikan untuk user 6197482164, kirim ulang menu baru
2025-12-25T09:03:12.999Z [INFO]: ✅ Menu utama baru dikirim untuk user 6197482164
2025-12-25T09:03:13.000Z [INFO]: ✅ Menu utama baru dikirim ke user 6197482164
2025-12-25T09:31:28.355Z [INFO]: Admin menu requested
2025-12-25T09:33:16.694Z [INFO]: Add saldo user process started
2025-12-25T09:33:23.707Z [INFO]: User 6197482164 memilih untuk menambahkan saldo user dengan ID: 1
2025-12-25T09:33:52.085Z [INFO]: 📥 Perintah /start atau /menu diterima
2025-12-25T09:33:52.776Z [INFO]: ✅ User ID 7446261712 berhasil disimpan
2025-12-25T09:33:53.332Z [INFO]: ✅ Menu utama baru dikirim untuk user 7446261712
2025-12-25T09:33:59.691Z [INFO]: create service menu sent
2025-12-25T09:34:01.167Z [INFO]: Memulai proses create untuk ssh di halaman 1
2025-12-25T09:34:08.677Z [INFO]: 📩 Input teks dari 7446261712: Selamat
2025-12-25T09:34:15.397Z [INFO]: 📩 Input teks dari 7446261712: Berlibur
2025-12-25T09:34:20.503Z [INFO]: 📩 Input teks dari 7446261712: 20
2025-12-25T09:34:43.347Z [INFO]: 🧹 Menu lama user 6197482164 dihapus (kembali ke menu utama)
2025-12-25T09:34:44.279Z [INFO]: ✅ Menu utama diedit untuk user 6197482164
2025-12-25T09:34:44.279Z [INFO]: ✅ Menu utama baru dikirim ke user 6197482164
2025-12-25T09:34:48.927Z [INFO]: create service menu sent
2025-12-25T09:34:51.389Z [INFO]: Memulai proses create untuk ssh di halaman 1
2025-12-25T09:34:59.567Z [INFO]: 📩 Input teks dari 6197482164: Selamat
2025-12-25T09:35:06.384Z [INFO]: 📩 Input teks dari 6197482164: Berliburan
2025-12-25T09:35:11.378Z [INFO]: 📩 Input teks dari 6197482164: 7
2025-12-25T09:35:11.732Z [INFO]: Mencoba create ssh untuk user 6197482164 di server SG LEASEWEB
2025-12-25T09:35:12.970Z [INFO]: ✅ Aksi Buat Akun ssh berhasil untuk user 6197482164.
2025-12-25T09:35:13.660Z [INFO]: ✅ Saldo Rp2800 berhasil dikurangi untuk user 6197482164 (Buat Akun ssh)
2025-12-25T09:35:13.680Z [INFO]: ✅ Log penjualan dicatat: 6197482164 - ssh - create - Rp2800 - Role: member
2025-12-25T09:35:14.878Z [INFO]: ✅ Log transaksi #2 dikirim ke grup 6197482164
2025-12-25T09:35:14.878Z [INFO]: ✅ afterAccountTransaction selesai untuk user 6197482164, transaksi #2
2025-12-25T09:37:41.525Z [INFO]: 📥 Perintah /start atau /menu diterima
2025-12-25T09:37:42.036Z [INFO]: ℹ️ User ID 7446261712 sudah ada
2025-12-25T09:37:42.370Z [INFO]: 🧹 Menu lama user 7446261712 dihapus
2025-12-25T09:37:43.124Z [INFO]: ✅ Menu utama baru dikirim untuk user 7446261712
2025-12-25T09:37:47.368Z [INFO]: trial service menu sent
2025-12-25T09:37:48.356Z [INFO]: Memulai proses trial untuk vmess di halaman 1
2025-12-25T11:53:31.268Z [INFO]: 📥 Perintah /start atau /menu diterima
2025-12-25T11:53:31.989Z [INFO]: ℹ️ User ID 6197482164 sudah ada
2025-12-25T11:53:32.508Z [INFO]: 🧹 Menu lama user 6197482164 dihapus
2025-12-25T11:53:33.268Z [INFO]: ✅ Menu utama baru dikirim untuk user 6197482164
2025-12-25T11:54:00.664Z [INFO]: sewascript service menu sent
2025-12-25T11:54:09.248Z [INFO]: sewascript service menu sent
2025-12-25T11:54:11.852Z [INFO]: ✅ Menu utama diedit untuk user 6197482164
2025-12-25T11:54:11.852Z [INFO]: ✅ Menu utama baru dikirim ke user 6197482164
2025-12-25T14:28:25.172Z [INFO]: Bot initialized
2025-12-25T14:28:25.173Z [INFO]: User state initialized
2025-12-25T14:28:25.190Z [INFO]: Express server listening on port 50123
2025-12-25T14:28:25.263Z [INFO]: ✅ Terhubung ke SQLite3
2025-12-25T14:28:25.273Z [INFO]: ✅ Tabel bonus_config siap
2025-12-25T14:28:25.274Z [INFO]: Pending deposit loaded:
2025-12-25T14:28:25.277Z [INFO]: ✅ Default bonus_config dijamin ada
2025-12-25T14:28:25.277Z [INFO]: ✅ Tabel bonus_log siap
2025-12-25T14:28:25.278Z [INFO]: ✅ Tabel pending_deposits siap
2025-12-25T14:28:25.278Z [INFO]: ✅ Tabel log_penjualan siap
2025-12-25T14:28:25.280Z [INFO]: ✅ Tabel unlimited_trial_users siap
2025-12-25T14:28:25.280Z [INFO]: ✅ Tabel ui_config siap
2025-12-25T14:28:25.281Z [INFO]: ✅ Default ui_config dijamin ada
2025-12-25T14:28:25.281Z [INFO]: ℹ️ Kolom show_sewa_script_button sudah tersedia di ui_config
2025-12-25T14:28:25.281Z [INFO]: ✅ Tabel reseller_config siap
2025-12-25T14:28:25.282Z [INFO]: ✅ Default reseller_config dijamin ada
2025-12-25T14:28:25.282Z [INFO]: ✅ Tabel topup_log siap
2025-12-25T14:28:25.282Z [INFO]: Server table created or already exists
2025-12-25T14:28:25.283Z [INFO]: Users table created or already exists
2025-12-25T14:28:41.512Z [INFO]: 📥 Perintah /start atau /menu diterima
2025-12-25T14:28:42.267Z [INFO]: ℹ️ User ID 6197482164 sudah ada
2025-12-25T14:28:43.064Z [INFO]: ✅ Menu utama baru dikirim untuk user 6197482164
2025-12-25T14:29:11.029Z [INFO]: Admin menu requested
2025-12-25T14:29:17.730Z [INFO]: Add saldo user process started
2025-12-25T14:29:24.615Z [INFO]: User 6197482164 memilih untuk menambahkan saldo user dengan ID: 3
2025-12-25T14:30:57.145Z [INFO]: 📥 Perintah /start atau /menu diterima
2025-12-25T14:30:57.908Z [INFO]: ℹ️ User ID 7446261712 sudah ada
2025-12-25T14:30:58.676Z [INFO]: ✅ Menu utama baru dikirim untuk user 7446261712
2025-12-25T14:31:33.877Z [INFO]: 🧹 Menu lama user 7446261712 dihapus (kembali ke menu utama)
2025-12-25T14:31:34.396Z [INFO]: ℹ️ Edit message diabaikan untuk user 7446261712, kirim ulang menu baru
2025-12-25T14:31:34.861Z [INFO]: ✅ Menu utama baru dikirim untuk user 7446261712
2025-12-25T14:31:34.861Z [INFO]: ✅ Menu utama baru dikirim ke user 7446261712
2025-12-25T14:31:39.989Z [INFO]: trial service menu sent
2025-12-25T14:31:42.248Z [INFO]: Memulai proses trial untuk trojan di halaman 1
2025-12-25T14:31:50.878Z [INFO]: 🧹 Menu lama user 7446261712 dihapus (kembali ke menu utama)
2025-12-25T14:31:51.389Z [INFO]: ℹ️ Edit message diabaikan untuk user 7446261712, kirim ulang menu baru
2025-12-25T14:31:51.780Z [INFO]: ✅ Menu utama baru dikirim untuk user 7446261712
2025-12-25T14:31:51.781Z [INFO]: ✅ Menu utama baru dikirim ke user 7446261712
2025-12-25T14:32:22.766Z [INFO]: 🧹 Menu lama user 7446261712 dihapus (kembali ke menu utama)
2025-12-25T14:32:23.287Z [INFO]: ℹ️ Edit message diabaikan untuk user 7446261712, kirim ulang menu baru
2025-12-25T14:32:23.688Z [INFO]: ✅ Menu utama baru dikirim untuk user 7446261712
2025-12-25T14:32:23.689Z [INFO]: ✅ Menu utama baru dikirim ke user 7446261712
2025-12-25T14:35:23.696Z [INFO]: 📥 Perintah /start atau /menu diterima
2025-12-25T14:35:24.228Z [INFO]: ℹ️ User ID 6197482164 sudah ada
2025-12-25T14:35:24.563Z [INFO]: 🧹 Menu lama user 6197482164 dihapus
2025-12-25T14:35:25.331Z [INFO]: ✅ Menu utama baru dikirim untuk user 6197482164
2025-12-25T14:40:43.097Z [INFO]: Admin menu requested
2025-12-25T14:44:34.117Z [INFO]: create service menu sent
2025-12-25T14:44:35.287Z [INFO]: Memulai proses create untuk ssh di halaman 1
2025-12-25T14:49:18.432Z [INFO]: 📥 Perintah /start atau /menu diterima
2025-12-25T14:49:18.936Z [INFO]: ℹ️ User ID 6197482164 sudah ada
2025-12-25T14:49:19.287Z [INFO]: 🧹 Menu lama user 6197482164 dihapus
2025-12-25T14:49:20.037Z [INFO]: ✅ Menu utama baru dikirim untuk user 6197482164
2025-12-25T14:49:29.987Z [INFO]: Admin menu requested
2025-12-25T14:54:56.971Z [INFO]: Admin menu requested
2025-12-25T15:17:54.978Z [INFO]: 📥 Perintah /start atau /menu diterima
2025-12-25T15:17:55.480Z [INFO]: ℹ️ User ID 6197482164 sudah ada
2025-12-25T15:17:55.822Z [INFO]: 🧹 Menu lama user 6197482164 dihapus
2025-12-25T15:17:56.595Z [INFO]: ✅ Menu utama baru dikirim untuk user 6197482164
2025-12-25T16:28:46.409Z [INFO]: Bot initialized
2025-12-25T16:28:46.412Z [INFO]: User state initialized
2025-12-25T16:28:46.419Z [INFO]: Express server listening on port 50123
2025-12-25T16:28:46.486Z [INFO]: ✅ Terhubung ke SQLite3
2025-12-25T16:28:46.493Z [INFO]: ✅ Tabel bonus_config siap
2025-12-25T16:28:46.494Z [INFO]: Pending deposit loaded:
2025-12-25T16:28:46.495Z [INFO]: ✅ Default bonus_config dijamin ada
2025-12-25T16:28:46.495Z [INFO]: ✅ Tabel bonus_log siap
2025-12-25T16:28:46.496Z [INFO]: ✅ Tabel pending_deposits siap
2025-12-25T16:28:46.499Z [INFO]: ✅ Tabel log_penjualan siap
2025-12-25T16:28:46.500Z [INFO]: ✅ Tabel unlimited_trial_users siap
2025-12-25T16:28:46.502Z [INFO]: ✅ Tabel ui_config siap
2025-12-25T16:28:46.502Z [INFO]: ✅ Default ui_config dijamin ada
2025-12-25T16:28:46.503Z [INFO]: ℹ️ Kolom show_sewa_script_button sudah tersedia di ui_config
2025-12-25T16:28:46.503Z [INFO]: ✅ Tabel reseller_config siap
2025-12-25T16:28:46.504Z [INFO]: ✅ Default reseller_config dijamin ada
2025-12-25T16:28:46.504Z [INFO]: ✅ Tabel topup_log siap
2025-12-25T16:28:46.505Z [INFO]: Server table created or already exists
2025-12-25T16:28:46.505Z [INFO]: Users table created or already exists
2025-12-25T16:28:59.094Z [INFO]: ✅ Menu utama diedit untuk user 7446261712
2025-12-25T16:28:59.094Z [INFO]: ✅ Menu utama baru dikirim ke user 7446261712
2025-12-25T16:29:29.482Z [ERROR]: Bot failed to launch: adminUsername is not defined
2025-12-25T16:36:49.396Z [INFO]: Bot initialized
2025-12-25T16:36:49.399Z [INFO]: User state initialized
2025-12-25T16:36:49.407Z [INFO]: Express server listening on port 50123
2025-12-25T16:36:49.472Z [INFO]: ✅ Terhubung ke SQLite3
2025-12-25T16:36:49.481Z [INFO]: ✅ Tabel bonus_config siap
2025-12-25T16:36:49.482Z [INFO]: Pending deposit loaded:
2025-12-25T16:36:49.483Z [INFO]: ✅ Default bonus_config dijamin ada
2025-12-25T16:36:49.484Z [INFO]: ✅ Tabel bonus_log siap
2025-12-25T16:36:49.485Z [INFO]: ✅ Tabel pending_deposits siap
2025-12-25T16:36:49.485Z [INFO]: ✅ Tabel log_penjualan siap
2025-12-25T16:36:49.486Z [INFO]: ✅ Tabel unlimited_trial_users siap
2025-12-25T16:36:49.487Z [INFO]: ✅ Tabel ui_config siap
2025-12-25T16:36:49.488Z [INFO]: ✅ Default ui_config dijamin ada
2025-12-25T16:36:49.493Z [INFO]: ℹ️ Kolom show_sewa_script_button sudah tersedia di ui_config
2025-12-25T16:36:49.494Z [INFO]: ✅ Tabel reseller_config siap
2025-12-25T16:36:49.495Z [INFO]: ✅ Default reseller_config dijamin ada
2025-12-25T16:36:49.496Z [INFO]: ✅ Tabel topup_log siap
2025-12-25T16:36:49.496Z [INFO]: Server table created or already exists
2025-12-25T16:36:49.497Z [INFO]: Users table created or already exists
2025-12-25T16:37:01.441Z [INFO]: 📥 Perintah /start atau /menu diterima
2025-12-25T16:37:02.142Z [INFO]: ℹ️ User ID 7446261712 sudah ada
2025-12-25T16:37:02.956Z [INFO]: ✅ Menu utama baru dikirim untuk user 7446261712
2025-12-25T16:37:05.471Z [ERROR]: Bot failed to launch: adminUsername is not defined
2025-12-25T16:38:43.698Z [INFO]: Bot initialized
2025-12-25T16:38:43.699Z [INFO]: User state initialized
2025-12-25T16:38:43.709Z [INFO]: Express server listening on port 50123
2025-12-25T16:38:43.784Z [INFO]: ✅ Terhubung ke SQLite3
2025-12-25T16:38:43.791Z [INFO]: ✅ Tabel bonus_config siap
2025-12-25T16:38:43.791Z [INFO]: Pending deposit loaded:
2025-12-25T16:38:43.792Z [INFO]: ✅ Default bonus_config dijamin ada
2025-12-25T16:38:43.792Z [INFO]: ✅ Tabel bonus_log siap
2025-12-25T16:38:43.792Z [INFO]: ✅ Tabel pending_deposits siap
2025-12-25T16:38:43.792Z [INFO]: ✅ Tabel log_penjualan siap
2025-12-25T16:38:43.793Z [INFO]: ✅ Tabel unlimited_trial_users siap
2025-12-25T16:38:43.793Z [INFO]: ✅ Tabel ui_config siap
2025-12-25T16:38:43.793Z [INFO]: ✅ Default ui_config dijamin ada
2025-12-25T16:38:43.794Z [INFO]: ℹ️ Kolom show_sewa_script_button sudah tersedia di ui_config
2025-12-25T16:38:43.794Z [INFO]: ✅ Tabel reseller_config siap
2025-12-25T16:38:43.794Z [INFO]: ✅ Default reseller_config dijamin ada
2025-12-25T16:38:43.795Z [INFO]: ✅ Tabel topup_log siap
2025-12-25T16:38:43.795Z [INFO]: Server table created or already exists
2025-12-25T16:38:43.795Z [INFO]: Users table created or already exists
2025-12-25T16:38:44.826Z [INFO]: 📥 Perintah /start atau /menu diterima
2025-12-25T16:38:44.827Z [INFO]: 📥 Perintah /start atau /menu diterima
2025-12-25T16:38:44.827Z [INFO]: 📥 Perintah /start atau /menu diterima
2025-12-25T16:38:45.618Z [INFO]: ℹ️ User ID 6197482164 sudah ada
2025-12-25T16:38:45.623Z [INFO]: trial service menu sent
2025-12-25T16:38:45.678Z [INFO]: ℹ️ User ID 6197482164 sudah ada
2025-12-25T16:38:45.726Z [INFO]: ℹ️ User ID 7446261712 sudah ada
2025-12-25T16:38:46.403Z [INFO]: ✅ Menu utama baru dikirim untuk user 6197482164
2025-12-25T16:38:46.409Z [INFO]: ✅ Menu utama baru dikirim untuk user 7446261712
2025-12-25T16:38:46.463Z [INFO]: ✅ Menu utama baru dikirim untuk user 6197482164
2025-12-25T16:38:50.448Z [INFO]: trial service menu sent
2025-12-25T16:38:52.383Z [INFO]: 🧹 Menu lama user 7446261712 dihapus (kembali ke menu utama)
2025-12-25T16:38:52.923Z [INFO]: ℹ️ Edit message diabaikan untuk user 7446261712, kirim ulang menu baru
2025-12-25T16:38:53.307Z [INFO]: ✅ Menu utama baru dikirim untuk user 7446261712
2025-12-25T16:38:53.308Z [INFO]: ✅ Menu utama baru dikirim ke user 7446261712
2025-12-25T16:39:04.600Z [ERROR]: Bot failed to launch: adminUsername is not defined
2025-12-25T16:47:58.840Z [INFO]: Bot initialized
2025-12-25T16:47:58.843Z [INFO]: User state initialized
2025-12-25T16:47:58.852Z [INFO]: Express server listening on port 50123
2025-12-25T16:47:58.912Z [INFO]: ✅ Terhubung ke SQLite3
2025-12-25T16:47:58.924Z [INFO]: ✅ Tabel bonus_config siap
2025-12-25T16:47:58.925Z [INFO]: Pending deposit loaded:
2025-12-25T16:47:58.927Z [INFO]: ✅ Default bonus_config dijamin ada
2025-12-25T16:47:58.927Z [INFO]: ✅ Tabel bonus_log siap
2025-12-25T16:47:58.927Z [INFO]: ✅ Tabel pending_deposits siap
2025-12-25T16:47:58.928Z [INFO]: ✅ Tabel log_penjualan siap
2025-12-25T16:47:58.928Z [INFO]: ✅ Tabel unlimited_trial_users siap
2025-12-25T16:47:58.929Z [INFO]: ✅ Tabel ui_config siap
2025-12-25T16:47:58.929Z [INFO]: ✅ Default ui_config dijamin ada
2025-12-25T16:47:58.929Z [INFO]: ℹ️ Kolom show_sewa_script_button sudah tersedia di ui_config
2025-12-25T16:47:58.930Z [INFO]: ✅ Tabel reseller_config siap
2025-12-25T16:47:58.930Z [INFO]: ✅ Default reseller_config dijamin ada
2025-12-25T16:47:58.931Z [INFO]: ✅ Tabel topup_log siap
2025-12-25T16:47:58.932Z [INFO]: Server table created or already exists
2025-12-25T16:47:58.932Z [INFO]: Users table created or already exists
2025-12-25T16:48:18.619Z [INFO]: 📥 Perintah /start atau /menu diterima
2025-12-25T16:48:19.132Z [INFO]: ℹ️ User ID 7446261712 sudah ada
2025-12-25T16:48:19.909Z [INFO]: ✅ Menu utama baru dikirim untuk user 7446261712
2025-12-25T16:48:56.544Z [ERROR]: Bot failed to launch: adminUsername is not defined
2025-12-25T16:52:49.378Z [INFO]: Bot initialized
2025-12-25T16:52:49.381Z [INFO]: User state initialized
2025-12-25T16:52:49.390Z [INFO]: Express server listening on port 50123
2025-12-25T16:52:49.455Z [INFO]: ✅ Terhubung ke SQLite3
2025-12-25T16:52:49.465Z [INFO]: ✅ Tabel bonus_config siap
2025-12-25T16:52:49.466Z [INFO]: Pending deposit loaded:
2025-12-25T16:52:49.469Z [INFO]: ✅ Default bonus_config dijamin ada
2025-12-25T16:52:49.469Z [INFO]: ✅ Tabel bonus_log siap
2025-12-25T16:52:49.470Z [INFO]: ✅ Tabel pending_deposits siap
2025-12-25T16:52:49.470Z [INFO]: ✅ Tabel log_penjualan siap
2025-12-25T16:52:49.471Z [INFO]: ✅ Tabel unlimited_trial_users siap
2025-12-25T16:52:49.472Z [INFO]: ✅ Tabel ui_config siap
2025-12-25T16:52:49.472Z [INFO]: ✅ Default ui_config dijamin ada
2025-12-25T16:52:49.473Z [INFO]: ℹ️ Kolom show_sewa_script_button sudah tersedia di ui_config
2025-12-25T16:52:49.473Z [INFO]: ✅ Tabel reseller_config siap
2025-12-25T16:52:49.473Z [INFO]: ✅ Default reseller_config dijamin ada
2025-12-25T16:52:49.474Z [INFO]: ✅ Tabel topup_log siap
2025-12-25T16:52:49.474Z [INFO]: Server table created or already exists
2025-12-25T16:52:49.474Z [INFO]: Users table created or already exists
2025-12-25T16:52:56.022Z [ERROR]: Bot failed to launch: adminUsername is not defined
2025-12-25T16:53:15.872Z [INFO]: Bot initialized
2025-12-25T16:53:15.877Z [INFO]: User state initialized
2025-12-25T16:53:15.884Z [INFO]: Express server listening on port 50123
2025-12-25T16:53:15.946Z [INFO]: ✅ Terhubung ke SQLite3
2025-12-25T16:53:15.962Z [INFO]: ✅ Tabel bonus_config siap
2025-12-25T16:53:15.962Z [INFO]: Pending deposit loaded:
2025-12-25T16:53:15.963Z [INFO]: ✅ Default bonus_config dijamin ada
2025-12-25T16:53:15.964Z [INFO]: ✅ Tabel bonus_log siap
2025-12-25T16:53:15.965Z [INFO]: ✅ Tabel pending_deposits siap
2025-12-25T16:53:15.965Z [INFO]: ✅ Tabel log_penjualan siap
2025-12-25T16:53:15.966Z [INFO]: ✅ Tabel unlimited_trial_users siap
2025-12-25T16:53:15.966Z [INFO]: ✅ Tabel ui_config siap
2025-12-25T16:53:15.966Z [INFO]: ✅ Default ui_config dijamin ada
2025-12-25T16:53:15.967Z [INFO]: ℹ️ Kolom show_sewa_script_button sudah tersedia di ui_config
2025-12-25T16:53:15.967Z [INFO]: ✅ Tabel reseller_config siap
2025-12-25T16:53:15.967Z [INFO]: ✅ Default reseller_config dijamin ada
2025-12-25T16:53:15.968Z [INFO]: ✅ Tabel topup_log siap
2025-12-25T16:53:15.968Z [INFO]: Server table created or already exists
2025-12-25T16:53:15.968Z [INFO]: Users table created or already exists
2025-12-25T16:53:16.851Z [INFO]: 📥 Perintah /start atau /menu diterima
2025-12-25T16:53:17.375Z [INFO]: ℹ️ User ID 7446261712 sudah ada
2025-12-25T16:53:18.287Z [INFO]: ✅ Menu utama baru dikirim untuk user 7446261712
2025-12-25T16:53:23.320Z [ERROR]: Bot failed to launch: adminUsername is not defined
2025-12-25T16:54:07.416Z [INFO]: Bot initialized
2025-12-25T16:54:07.418Z [INFO]: User state initialized
2025-12-25T16:54:07.425Z [INFO]: Express server listening on port 50123
2025-12-25T16:54:07.494Z [INFO]: ✅ Terhubung ke SQLite3
2025-12-25T16:54:07.503Z [INFO]: ✅ Tabel bonus_config siap
2025-12-25T16:54:07.504Z [INFO]: Pending deposit loaded:
2025-12-25T16:54:07.504Z [INFO]: ✅ Default bonus_config dijamin ada
2025-12-25T16:54:07.505Z [INFO]: ✅ Tabel bonus_log siap
2025-12-25T16:54:07.505Z [INFO]: ✅ Tabel pending_deposits siap
2025-12-25T16:54:07.505Z [INFO]: ✅ Tabel log_penjualan siap
2025-12-25T16:54:07.506Z [INFO]: ✅ Tabel unlimited_trial_users siap
2025-12-25T16:54:07.510Z [INFO]: ✅ Tabel ui_config siap
2025-12-25T16:54:07.510Z [INFO]: ✅ Default ui_config dijamin ada
2025-12-25T16:54:07.511Z [INFO]: ℹ️ Kolom show_sewa_script_button sudah tersedia di ui_config
2025-12-25T16:54:07.511Z [INFO]: ✅ Tabel reseller_config siap
2025-12-25T16:54:07.512Z [INFO]: ✅ Default reseller_config dijamin ada
2025-12-25T16:54:07.512Z [INFO]: ✅ Tabel topup_log siap
2025-12-25T16:54:07.513Z [INFO]: Server table created or already exists
2025-12-25T16:54:07.513Z [INFO]: Users table created or already exists
2025-12-25T16:54:09.451Z [ERROR]: Bot failed to launch: adminUsername is not defined
2025-12-25T17:02:35.539Z [INFO]: Bot initialized
2025-12-25T17:02:35.541Z [INFO]: User state initialized
2025-12-25T17:02:35.552Z [INFO]: Express server listening on port 50123
2025-12-25T17:02:35.632Z [INFO]: ✅ Terhubung ke SQLite3
2025-12-25T17:02:35.638Z [INFO]: ✅ Tabel bonus_config siap
2025-12-25T17:02:35.639Z [INFO]: Pending deposit loaded:
2025-12-25T17:02:35.640Z [INFO]: ✅ Default bonus_config dijamin ada
2025-12-25T17:02:35.640Z [INFO]: ✅ Tabel bonus_log siap
2025-12-25T17:02:35.641Z [INFO]: ✅ Tabel pending_deposits siap
2025-12-25T17:02:35.641Z [INFO]: ✅ Tabel log_penjualan siap
2025-12-25T17:02:35.642Z [INFO]: ✅ Tabel unlimited_trial_users siap
2025-12-25T17:02:35.642Z [INFO]: ✅ Tabel ui_config siap
2025-12-25T17:02:35.643Z [INFO]: ✅ Default ui_config dijamin ada
2025-12-25T17:02:35.643Z [INFO]: ℹ️ Kolom show_sewa_script_button sudah tersedia di ui_config
2025-12-25T17:02:35.644Z [INFO]: ✅ Tabel reseller_config siap
2025-12-25T17:02:35.644Z [INFO]: ✅ Default reseller_config dijamin ada
2025-12-25T17:02:35.645Z [INFO]: ✅ Tabel topup_log siap
2025-12-25T17:02:35.645Z [INFO]: Server table created or already exists
2025-12-25T17:02:35.646Z [INFO]: Users table created or already exists
2025-12-25T17:03:24.436Z [INFO]: 📥 Perintah /start atau /menu diterima
2025-12-25T17:03:24.946Z [INFO]: ℹ️ User ID 6197482164 sudah ada
2025-12-25T17:03:25.729Z [INFO]: ✅ Menu utama baru dikirim untuk user 6197482164
2025-12-25T17:03:28.221Z [ERROR]: Bot failed to launch: adminUsername is not defined
2025-12-25T17:07:25.353Z [INFO]: Bot initialized
2025-12-25T17:07:25.354Z [INFO]: User state initialized
2025-12-25T17:07:25.367Z [INFO]: Express server listening on port 50123
2025-12-25T17:07:25.432Z [INFO]: ✅ Terhubung ke SQLite3
2025-12-25T17:07:25.450Z [INFO]: ✅ Tabel bonus_config siap
2025-12-25T17:07:25.450Z [INFO]: Pending deposit loaded:
2025-12-25T17:07:25.457Z [INFO]: ✅ Default bonus_config dijamin ada
2025-12-25T17:07:25.457Z [INFO]: ✅ Tabel bonus_log siap
2025-12-25T17:07:25.464Z [INFO]: ✅ Tabel pending_deposits siap
2025-12-25T17:07:25.464Z [INFO]: ✅ Tabel log_penjualan siap
2025-12-25T17:07:25.466Z [INFO]: ✅ Tabel unlimited_trial_users siap
2025-12-25T17:07:25.467Z [INFO]: ✅ Tabel ui_config siap
2025-12-25T17:07:25.467Z [INFO]: ✅ Default ui_config dijamin ada
2025-12-25T17:07:25.468Z [INFO]: ℹ️ Kolom show_sewa_script_button sudah tersedia di ui_config
2025-12-25T17:07:25.468Z [INFO]: ✅ Tabel reseller_config siap
2025-12-25T17:07:25.468Z [INFO]: ✅ Default reseller_config dijamin ada
2025-12-25T17:07:25.469Z [INFO]: ✅ Tabel topup_log siap
2025-12-25T17:07:25.469Z [INFO]: Server table created or already exists
2025-12-25T17:07:25.469Z [INFO]: Users table created or already exists
2025-12-25T17:07:32.037Z [ERROR]: Bot failed to launch: adminUsername is not defined
2025-12-25T17:07:49.666Z [INFO]: Bot initialized
2025-12-25T17:07:49.667Z [INFO]: User state initialized
2025-12-25T17:07:49.676Z [INFO]: Express server listening on port 50123
2025-12-25T17:07:49.750Z [INFO]: ✅ Terhubung ke SQLite3
2025-12-25T17:07:49.759Z [INFO]: ✅ Tabel bonus_config siap
2025-12-25T17:07:49.759Z [INFO]: Pending deposit loaded:
2025-12-25T17:07:49.761Z [INFO]: ✅ Default bonus_config dijamin ada
2025-12-25T17:07:49.762Z [INFO]: ✅ Tabel bonus_log siap
2025-12-25T17:07:49.762Z [INFO]: ✅ Tabel pending_deposits siap
2025-12-25T17:07:49.763Z [INFO]: ✅ Tabel log_penjualan siap
2025-12-25T17:07:49.764Z [INFO]: ✅ Tabel unlimited_trial_users siap
2025-12-25T17:07:49.764Z [INFO]: ✅ Tabel ui_config siap
2025-12-25T17:07:49.765Z [INFO]: ✅ Default ui_config dijamin ada
2025-12-25T17:07:49.766Z [INFO]: ℹ️ Kolom show_sewa_script_button sudah tersedia di ui_config
2025-12-25T17:07:49.766Z [INFO]: ✅ Tabel reseller_config siap
2025-12-25T17:07:49.767Z [INFO]: ✅ Default reseller_config dijamin ada
2025-12-25T17:07:49.767Z [INFO]: ✅ Tabel topup_log siap
2025-12-25T17:07:49.768Z [INFO]: Server table created or already exists
2025-12-25T17:07:49.768Z [INFO]: Users table created or already exists
2025-12-25T17:07:50.612Z [INFO]: 📥 Perintah /start atau /menu diterima
2025-12-25T17:07:51.125Z [INFO]: ℹ️ User ID 6197482164 sudah ada
2025-12-25T17:07:51.889Z [INFO]: ✅ Menu utama baru dikirim untuk user 6197482164
2025-12-25T17:08:21.239Z [ERROR]: Bot failed to launch: adminUsername is not defined
2025-12-25T17:09:31.304Z [INFO]: Bot initialized
2025-12-25T17:09:31.309Z [INFO]: User state initialized
2025-12-25T17:09:31.317Z [INFO]: Express server listening on port 50123
2025-12-25T17:09:31.401Z [INFO]: ✅ Terhubung ke SQLite3
2025-12-25T17:09:31.413Z [INFO]: ✅ Tabel bonus_config siap
2025-12-25T17:09:31.414Z [INFO]: Pending deposit loaded:
2025-12-25T17:09:31.415Z [INFO]: ✅ Default bonus_config dijamin ada
2025-12-25T17:09:31.416Z [INFO]: ✅ Tabel bonus_log siap
2025-12-25T17:09:31.417Z [INFO]: ✅ Tabel pending_deposits siap
2025-12-25T17:09:31.418Z [INFO]: ✅ Tabel log_penjualan siap
2025-12-25T17:09:31.419Z [INFO]: ✅ Tabel unlimited_trial_users siap
2025-12-25T17:09:31.420Z [INFO]: ✅ Tabel ui_config siap
2025-12-25T17:09:31.420Z [INFO]: ✅ Default ui_config dijamin ada
2025-12-25T17:09:31.423Z [INFO]: ℹ️ Kolom show_sewa_script_button sudah tersedia di ui_config
2025-12-25T17:09:31.424Z [INFO]: ✅ Tabel reseller_config siap
2025-12-25T17:09:31.425Z [INFO]: ✅ Default reseller_config dijamin ada
2025-12-25T17:09:31.425Z [INFO]: ✅ Tabel topup_log siap
2025-12-25T17:09:31.426Z [INFO]: Server table created or already exists
2025-12-25T17:09:31.427Z [INFO]: Users table created or already exists
2025-12-25T17:09:32.281Z [INFO]: 📥 Perintah /start atau /menu diterima
2025-12-25T17:09:32.810Z [INFO]: ℹ️ User ID 6197482164 sudah ada
2025-12-25T17:09:33.592Z [INFO]: ✅ Menu utama baru dikirim untuk user 6197482164
2025-12-25T17:20:16.464Z [INFO]: Bot initialized
2025-12-25T17:20:16.465Z [INFO]: User state initialized
2025-12-25T17:20:16.476Z [INFO]: Express server listening on port 50123
2025-12-25T17:20:16.542Z [INFO]: ✅ Terhubung ke SQLite3
2025-12-25T17:20:16.553Z [INFO]: ✅ Tabel bonus_config siap
2025-12-25T17:20:16.554Z [INFO]: Pending deposit loaded:
2025-12-25T17:20:16.556Z [INFO]: ✅ Default bonus_config dijamin ada
2025-12-25T17:20:16.557Z [INFO]: ✅ Tabel bonus_log siap
2025-12-25T17:20:16.557Z [INFO]: ✅ Tabel pending_deposits siap
2025-12-25T17:20:16.558Z [INFO]: ✅ Tabel log_penjualan siap
2025-12-25T17:20:16.559Z [INFO]: ✅ Tabel unlimited_trial_users siap
2025-12-25T17:20:16.559Z [INFO]: ✅ Tabel ui_config siap
2025-12-25T17:20:16.560Z [INFO]: ✅ Default ui_config dijamin ada
2025-12-25T17:20:16.561Z [INFO]: ℹ️ Kolom show_sewa_script_button sudah tersedia di ui_config
2025-12-25T17:20:16.561Z [INFO]: ✅ Tabel reseller_config siap
2025-12-25T17:20:16.561Z [INFO]: ✅ Default reseller_config dijamin ada
2025-12-25T17:20:16.562Z [INFO]: ✅ Tabel topup_log siap
2025-12-25T17:20:16.562Z [INFO]: Server table created or already exists
2025-12-25T17:20:16.562Z [INFO]: Users table created or already exists
2025-12-25T17:20:24.140Z [INFO]: 📥 Perintah /start atau /menu diterima
2025-12-25T17:20:24.643Z [INFO]: ℹ️ User ID 6197482164 sudah ada
2025-12-25T17:20:25.215Z [ERROR]: ❌ Gagal kirim menu baru untuk user 6197482164:
2025-12-25T17:20:25.215Z [WARN]: ⚠️ sendMainMenu tidak mengembalikan message_id untuk user 6197482164, kirim ulang menu
2025-12-25T17:20:25.389Z [ERROR]: ❌ Gagal kirim menu baru untuk user 6197482164:
2025-12-25T17:20:35.139Z [INFO]: 📥 Perintah /start atau /menu diterima
2025-12-25T17:20:35.644Z [INFO]: ℹ️ User ID 6197482164 sudah ada
2025-12-25T17:20:35.985Z [ERROR]: ❌ Gagal kirim menu baru untuk user 6197482164:
2025-12-25T17:20:35.985Z [WARN]: ⚠️ sendMainMenu tidak mengembalikan message_id untuk user 6197482164, kirim ulang menu
2025-12-25T17:20:36.158Z [ERROR]: ❌ Gagal kirim menu baru untuk user 6197482164:
2025-12-25T17:21:58.287Z [INFO]: Bot initialized
2025-12-25T17:21:58.290Z [INFO]: User state initialized
2025-12-25T17:21:58.301Z [INFO]: Express server listening on port 50123
2025-12-25T17:21:58.363Z [INFO]: ✅ Terhubung ke SQLite3
2025-12-25T17:21:58.368Z [INFO]: ✅ Tabel bonus_config siap
2025-12-25T17:21:58.371Z [INFO]: Pending deposit loaded:
2025-12-25T17:21:58.371Z [INFO]: ✅ Default bonus_config dijamin ada
2025-12-25T17:21:58.372Z [INFO]: ✅ Tabel bonus_log siap
2025-12-25T17:21:58.372Z [INFO]: ✅ Tabel pending_deposits siap
2025-12-25T17:21:58.373Z [INFO]: ✅ Tabel log_penjualan siap
2025-12-25T17:21:58.374Z [INFO]: ✅ Tabel unlimited_trial_users siap
2025-12-25T17:21:58.374Z [INFO]: ✅ Tabel ui_config siap
2025-12-25T17:21:58.380Z [INFO]: ✅ Default ui_config dijamin ada
2025-12-25T17:21:58.381Z [INFO]: ℹ️ Kolom show_sewa_script_button sudah tersedia di ui_config
2025-12-25T17:21:58.382Z [INFO]: ✅ Tabel reseller_config siap
2025-12-25T17:21:58.382Z [INFO]: ✅ Default reseller_config dijamin ada
2025-12-25T17:21:58.382Z [INFO]: ✅ Tabel topup_log siap
2025-12-25T17:21:58.383Z [INFO]: Server table created or already exists
2025-12-25T17:21:58.383Z [INFO]: Users table created or already exists
2025-12-25T17:22:03.228Z [INFO]: 📥 Perintah /start atau /menu diterima
2025-12-25T17:22:03.777Z [INFO]: ℹ️ User ID 6197482164 sudah ada
2025-12-25T17:22:04.330Z [ERROR]: ❌ Gagal kirim menu baru untuk user 6197482164:
2025-12-25T17:22:04.331Z [WARN]: ⚠️ sendMainMenu tidak mengembalikan message_id untuk user 6197482164, kirim ulang menu
2025-12-25T17:22:04.503Z [ERROR]: ❌ Gagal kirim menu baru untuk user 6197482164:
2025-12-25T17:22:12.632Z [INFO]: 📥 Perintah /start atau /menu diterima
2025-12-25T17:22:13.169Z [INFO]: ℹ️ User ID 6197482164 sudah ada
2025-12-25T17:22:13.525Z [ERROR]: ❌ Gagal kirim menu baru untuk user 6197482164:
2025-12-25T17:22:13.526Z [WARN]: ⚠️ sendMainMenu tidak mengembalikan message_id untuk user 6197482164, kirim ulang menu
2025-12-25T17:22:13.698Z [ERROR]: ❌ Gagal kirim menu baru untuk user 6197482164:
2025-12-25T17:26:06.429Z [INFO]: Bot initialized
2025-12-25T17:26:06.430Z [INFO]: User state initialized
2025-12-25T17:26:06.443Z [INFO]: Express server listening on port 50123
2025-12-25T17:26:06.520Z [INFO]: ✅ Terhubung ke SQLite3
2025-12-25T17:26:06.531Z [INFO]: Pending deposit loaded:
2025-12-25T17:26:06.532Z [INFO]: ✅ Tabel bonus_config siap
2025-12-25T17:26:06.532Z [INFO]: ✅ Default bonus_config dijamin ada
2025-12-25T17:26:06.535Z [INFO]: ✅ Tabel bonus_log siap
2025-12-25T17:26:06.537Z [INFO]: ✅ Tabel pending_deposits siap
2025-12-25T17:26:06.537Z [INFO]: ✅ Tabel log_penjualan siap
2025-12-25T17:26:06.538Z [INFO]: ✅ Tabel unlimited_trial_users siap
2025-12-25T17:26:06.539Z [INFO]: ✅ Tabel ui_config siap
2025-12-25T17:26:06.540Z [INFO]: ✅ Default ui_config dijamin ada
2025-12-25T17:26:06.541Z [INFO]: ℹ️ Kolom show_sewa_script_button sudah tersedia di ui_config
2025-12-25T17:26:06.542Z [INFO]: ✅ Tabel reseller_config siap
2025-12-25T17:26:06.543Z [INFO]: ✅ Default reseller_config dijamin ada
2025-12-25T17:26:06.543Z [INFO]: ✅ Tabel topup_log siap
2025-12-25T17:26:06.544Z [INFO]: Server table created or already exists
2025-12-25T17:26:06.547Z [INFO]: Users table created or already exists
2025-12-25T17:26:17.143Z [INFO]: 📥 Perintah /start atau /menu diterima
2025-12-25T17:26:17.684Z [INFO]: ℹ️ User ID 7446261712 sudah ada
2025-12-25T17:26:18.490Z [INFO]: ✅ Menu utama baru dikirim untuk user 7446261712
2025-12-25T17:26:34.142Z [INFO]: 🧹 Menu lama user 7446261712 dihapus (kembali ke menu utama)
2025-12-25T17:26:34.656Z [INFO]: ℹ️ Edit message diabaikan untuk user 7446261712, kirim ulang menu baru
2025-12-25T17:26:35.033Z [INFO]: ✅ Menu utama baru dikirim untuk user 7446261712
2025-12-25T17:26:35.033Z [INFO]: ✅ Menu utama baru dikirim ke user 7446261712
2025-12-25T17:27:18.493Z [INFO]: 📥 Perintah /start atau /menu diterima
2025-12-25T17:27:19.038Z [INFO]: ℹ️ User ID 7446261712 sudah ada
2025-12-25T17:27:19.375Z [INFO]: 🧹 Menu lama user 7446261712 dihapus
2025-12-25T17:27:20.154Z [INFO]: ✅ Menu utama baru dikirim untuk user 7446261712
2025-12-25T17:27:49.851Z [INFO]: 📥 Perintah /start atau /menu diterima
2025-12-25T17:27:50.353Z [INFO]: ℹ️ User ID 6197482164 sudah ada
2025-12-25T17:27:50.943Z [INFO]: ✅ Menu utama baru dikirim untuk user 6197482164
2025-12-25T17:32:06.953Z [INFO]: create service menu sent
2025-12-25T17:32:15.969Z [INFO]: 🧹 Menu lama user 6197482164 dihapus (kembali ke menu utama)
2025-12-25T17:32:16.664Z [INFO]: ℹ️ Edit message diabaikan untuk user 6197482164, kirim ulang menu baru
2025-12-25T17:32:17.039Z [INFO]: ✅ Menu utama baru dikirim untuk user 6197482164
2025-12-25T17:32:17.039Z [INFO]: ✅ Menu utama baru dikirim ke user 6197482164
2025-12-25T17:34:38.704Z [INFO]: Admin menu requested
2025-12-25T17:36:03.026Z [INFO]: 📥 Perintah /start atau /menu diterima
2025-12-25T17:36:03.539Z [INFO]: ℹ️ User ID 6197482164 sudah ada
2025-12-25T17:36:03.982Z [INFO]: 🧹 Menu lama user 6197482164 dihapus
2025-12-25T17:36:04.723Z [INFO]: ✅ Menu utama baru dikirim untuk user 6197482164
2025-12-25T22:00:16.866Z [INFO]: Bot initialized
2025-12-25T22:00:16.868Z [INFO]: User state initialized
2025-12-25T22:00:16.880Z [INFO]: Express server listening on port 50123
2025-12-25T22:00:16.953Z [INFO]: ✅ Terhubung ke SQLite3
2025-12-25T22:00:16.961Z [INFO]: ✅ Tabel bonus_config siap
2025-12-25T22:00:16.962Z [INFO]: Pending deposit loaded:
2025-12-25T22:00:16.963Z [INFO]: ✅ Default bonus_config dijamin ada
2025-12-25T22:00:16.963Z [INFO]: ✅ Tabel bonus_log siap
2025-12-25T22:00:16.963Z [INFO]: ✅ Tabel pending_deposits siap
2025-12-25T22:00:16.964Z [INFO]: ✅ Tabel log_penjualan siap
2025-12-25T22:00:16.964Z [INFO]: ✅ Tabel unlimited_trial_users siap
2025-12-25T22:00:16.965Z [INFO]: ✅ Tabel ui_config siap
2025-12-25T22:00:16.965Z [INFO]: ✅ Default ui_config dijamin ada
2025-12-25T22:00:16.966Z [INFO]: ℹ️ Kolom show_sewa_script_button sudah tersedia di ui_config
2025-12-25T22:00:16.967Z [INFO]: ✅ Tabel reseller_config siap
2025-12-25T22:00:16.968Z [INFO]: ✅ Default reseller_config dijamin ada
2025-12-25T22:00:16.969Z [INFO]: ✅ Tabel topup_log siap
2025-12-25T22:00:16.970Z [INFO]: Server table created or already exists
2025-12-25T22:00:16.970Z [INFO]: Users table created or already exists
2025-12-25T22:16:58.442Z [INFO]: 📥 Perintah /start atau /menu diterima
2025-12-25T22:16:59.122Z [INFO]: ℹ️ User ID 7446261712 sudah ada
2025-12-25T22:16:59.902Z [INFO]: ✅ Menu utama baru dikirim untuk user 7446261712
2025-12-25T23:30:44.319Z [INFO]: 📥 Perintah /start atau /menu diterima
2025-12-25T23:30:45.040Z [INFO]: ℹ️ User ID 1210833546 sudah ada
2025-12-25T23:30:45.784Z [INFO]: ✅ Menu utama baru dikirim untuk user 1210833546
2025-12-26T00:59:50.203Z [INFO]: 📩 Input teks dari 1210833546: ╔═════════════════╗
   💥 ANSENDANTVPN OFFICIAL💥
╚═════════════════╝

🔥PROMO SG DO NO GARANSI 🇸🇬
🤑 Harga mulai Rp2.010

🎉 BONUS SALDO +30%
━━━━━━━━━━━━━━━━━━
🎉 EVENT  HARI INI
💰 Top Up mulai Rp10.000
🎁 Bonus otomatis masuk ke saldo

📊 CONTOH BONUS:
•10.000 ➜ 13.000
•20.000 ➜ 26.000
• 50.000 ➜ 65.000
• 100.000 ➜ 130.000
• 200.000 ➜ 260.000
🚀 FAST • STABLE • GACOR
🚀 Cocok untuk harian & event

🤖 AUTO ORDER 24 JAM:
😏 @ansendantvpn_bot 💠

📝Catatan:
Promo terbatas.
Gunakan sebelum kuota promo habis.
2025-12-26T03:00:57.669Z [INFO]: 📥 Perintah /start atau /menu diterima
2025-12-26T03:00:58.330Z [INFO]: ℹ️ User ID 7446261712 sudah ada
2025-12-26T03:00:58.871Z [INFO]: 🧹 Menu lama user 7446261712 dihapus
2025-12-26T03:00:59.594Z [INFO]: ✅ Menu utama baru dikirim untuk user 7446261712
2025-12-26T03:13:45.815Z [INFO]: Bot initialized
2025-12-26T03:13:45.817Z [INFO]: User state initialized
2025-12-26T03:13:45.830Z [INFO]: Express server listening on port 50123
2025-12-26T03:13:45.908Z [INFO]: ✅ Terhubung ke SQLite3
2025-12-26T03:13:45.918Z [INFO]: ✅ Tabel bonus_config siap
2025-12-26T03:13:45.920Z [INFO]: Pending deposit loaded:
2025-12-26T03:13:45.920Z [INFO]: ✅ Default bonus_config dijamin ada
2025-12-26T03:13:45.921Z [INFO]: ✅ Tabel bonus_log siap
2025-12-26T03:13:45.921Z [INFO]: ✅ Tabel pending_deposits siap
2025-12-26T03:13:45.922Z [INFO]: ✅ Tabel log_penjualan siap
2025-12-26T03:13:45.923Z [INFO]: ✅ Tabel unlimited_trial_users siap
2025-12-26T03:13:45.923Z [INFO]: ✅ Tabel ui_config siap
2025-12-26T03:13:45.924Z [INFO]: ✅ Default ui_config dijamin ada
2025-12-26T03:13:45.926Z [INFO]: ℹ️ Kolom show_sewa_script_button sudah tersedia di ui_config
2025-12-26T03:13:45.927Z [INFO]: ✅ Tabel reseller_config siap
2025-12-26T03:13:45.928Z [INFO]: ✅ Default reseller_config dijamin ada
2025-12-26T03:13:45.928Z [INFO]: ✅ Tabel topup_log siap
2025-12-26T03:13:45.931Z [INFO]: Server table created or already exists
2025-12-26T03:13:45.933Z [INFO]: Users table created or already exists
2025-12-26T03:14:09.845Z [INFO]: Admin menu requested
2025-12-26T03:14:16.660Z [INFO]: 🧹 Menu lama user 1210833546 dihapus (kembali ke menu utama)
2025-12-26T03:14:17.382Z [INFO]: ℹ️ Edit message diabaikan untuk user 1210833546, kirim ulang menu baru
2025-12-26T03:14:17.744Z [INFO]: ✅ Menu utama baru dikirim untuk user 1210833546
2025-12-26T03:14:17.744Z [INFO]: ✅ Menu utama baru dikirim ke user 1210833546
2025-12-26T03:14:34.245Z [INFO]: 📥 Perintah /start atau /menu diterima
2025-12-26T03:14:34.905Z [INFO]: ℹ️ User ID 6197482164 sudah ada
2025-12-26T03:14:35.462Z [INFO]: ✅ Menu utama baru dikirim untuk user 6197482164
2025-12-26T03:14:38.465Z [INFO]: create service menu sent
2025-12-26T03:14:39.842Z [INFO]: Memulai proses create untuk vmess di halaman 1
2025-12-26T03:14:46.259Z [INFO]: 📩 Input teks dari 6197482164: Tesnotip
2025-12-26T03:14:49.518Z [INFO]: 📩 Input teks dari 6197482164: 3
2025-12-26T03:14:49.869Z [INFO]: Mencoba create vmess untuk user 6197482164 di server SG LEASEWEB
2025-12-26T03:14:51.556Z [INFO]: ✅ Aksi Buat Akun vmess berhasil untuk user 6197482164.
2025-12-26T03:14:51.891Z [INFO]: ✅ Saldo Rp1200 berhasil dikurangi untuk user 6197482164 (Buat Akun vmess)
2025-12-26T03:14:51.907Z [INFO]: ✅ Log penjualan dicatat: 6197482164 - vmess - create - Rp1200 - Role: member
2025-12-26T03:14:53.324Z [INFO]: ✅ Log transaksi #3 dikirim ke grup -1002076809846
2025-12-26T03:14:53.325Z [INFO]: ✅ afterAccountTransaction selesai untuk user 6197482164, transaksi #3
2025-12-26T03:15:15.491Z [INFO]: Admin menu requested
2025-12-26T03:43:09.426Z [INFO]: 📥 Perintah /start atau /menu diterima
2025-12-26T03:43:10.135Z [INFO]: ✅ User ID 6503708777 berhasil disimpan
2025-12-26T03:43:11.000Z [INFO]: ✅ Menu utama baru dikirim untuk user 6503708777
2025-12-26T03:43:13.394Z [INFO]: trial service menu sent
2025-12-26T03:43:14.881Z [INFO]: Memulai proses trial untuk ssh di halaman 1
2025-12-26T03:43:20.084Z [INFO]: 🧹 Menu lama user 6503708777 dihapus (kembali ke menu utama)
2025-12-26T03:43:20.583Z [INFO]: ℹ️ Edit message diabaikan untuk user 6503708777, kirim ulang menu baru
2025-12-26T03:43:20.945Z [INFO]: ✅ Menu utama baru dikirim untuk user 6503708777
2025-12-26T03:43:20.945Z [INFO]: ✅ Menu utama baru dikirim ke user 6503708777
2025-12-26T03:43:25.323Z [INFO]: create service menu sent
2025-12-26T03:43:26.538Z [INFO]: Memulai proses create untuk ssh di halaman 1
2025-12-26T04:13:42.467Z [INFO]: 📥 Perintah /start atau /menu diterima
2025-12-26T04:13:43.178Z [INFO]: ℹ️ User ID 6197482164 sudah ada
2025-12-26T04:13:43.679Z [INFO]: 🧹 Menu lama user 6197482164 dihapus
2025-12-26T04:13:44.387Z [INFO]: ✅ Menu utama baru dikirim untuk user 6197482164
2025-12-26T04:13:57.983Z [INFO]: Admin menu requested
2025-12-26T04:14:03.897Z [INFO]: 📥 Proses tambah server dimulai
2025-12-26T04:14:12.653Z [INFO]: 📩 Input teks dari 6197482164: newmedia.klmpkfsvpn.me
2025-12-26T04:14:15.913Z [INFO]: 📩 Input teks dari 6197482164: fed409
2025-12-26T04:14:22.099Z [INFO]: 📩 Input teks dari 6197482164: Newmedia
2025-12-26T04:14:25.472Z [INFO]: 📩 Input teks dari 6197482164: 200
2025-12-26T04:14:27.926Z [INFO]: 📩 Input teks dari 6197482164: 2
2025-12-26T04:14:34.938Z [INFO]: 📩 Input teks dari 6197482164: 50
2025-12-26T04:14:49.786Z [INFO]: 📩 Input teks dari 6197482164: 400
2025-12-26T04:14:55.839Z [INFO]: 📥 Perintah /start atau /menu diterima
2025-12-26T04:14:56.413Z [INFO]: ℹ️ User ID 6197482164 sudah ada
2025-12-26T04:14:56.877Z [INFO]: 🧹 Menu lama user 6197482164 dihapus
2025-12-26T04:14:57.589Z [INFO]: ✅ Menu utama baru dikirim untuk user 6197482164
2025-12-26T04:14:59.308Z [INFO]: trial service menu sent
2025-12-26T04:15:00.754Z [INFO]: Memulai proses trial untuk ssh di halaman 1
2025-12-26T04:15:58.109Z [INFO]: 🧹 Menu lama user 6197482164 dihapus (kembali ke menu utama)
2025-12-26T04:15:58.782Z [INFO]: ℹ️ Edit message diabaikan untuk user 6197482164, kirim ulang menu baru
2025-12-26T04:15:59.144Z [INFO]: ✅ Menu utama baru dikirim untuk user 6197482164
2025-12-26T04:15:59.144Z [INFO]: ✅ Menu utama baru dikirim ke user 6197482164
2025-12-26T04:16:02.927Z [INFO]: create service menu sent
2025-12-26T04:16:04.548Z [INFO]: Memulai proses create untuk ssh di halaman 1
2025-12-26T04:16:11.639Z [INFO]: 📩 Input teks dari 6197482164: Sshhko
2025-12-26T04:16:15.064Z [INFO]: 📩 Input teks dari 6197482164: Ajjs1
2025-12-26T04:16:18.070Z [INFO]: 📩 Input teks dari 6197482164: 1
2025-12-26T04:18:16.508Z [INFO]: 📥 Perintah /start atau /menu diterima
2025-12-26T04:18:17.018Z [INFO]: ℹ️ User ID 6197482164 sudah ada
2025-12-26T04:18:17.376Z [INFO]: 🧹 Menu lama user 6197482164 dihapus
2025-12-26T04:18:18.130Z [INFO]: ✅ Menu utama baru dikirim untuk user 6197482164
2025-12-26T05:40:31.960Z [INFO]: 📥 Perintah /start atau /menu diterima
2025-12-26T05:40:32.629Z [INFO]: ℹ️ User ID 6197482164 sudah ada
2025-12-26T05:40:33.142Z [INFO]: 🧹 Menu lama user 6197482164 dihapus
2025-12-26T05:40:33.859Z [INFO]: ✅ Menu utama baru dikirim untuk user 6197482164
2025-12-26T05:43:22.555Z [INFO]: 📥 Perintah /start atau /menu diterima
2025-12-26T05:43:23.045Z [INFO]: ℹ️ User ID 6197482164 sudah ada
2025-12-26T05:43:23.371Z [INFO]: 🧹 Menu lama user 6197482164 dihapus
2025-12-26T05:43:24.102Z [INFO]: ✅ Menu utama baru dikirim untuk user 6197482164
2025-12-26T05:45:54.770Z [INFO]: Admin menu requested
2025-12-26T05:45:59.903Z [INFO]: Add saldo user process started
2025-12-26T05:53:51.252Z [INFO]: Bot initialized
2025-12-26T05:53:51.254Z [INFO]: User state initialized
2025-12-26T05:53:51.261Z [INFO]: Express server listening on port 50123
2025-12-26T05:53:51.338Z [INFO]: ✅ Terhubung ke SQLite3
2025-12-26T05:53:51.352Z [INFO]: ✅ Tabel bonus_config siap
2025-12-26T05:53:51.353Z [INFO]: Pending deposit loaded:
2025-12-26T05:53:51.353Z [INFO]: ✅ Default bonus_config dijamin ada
2025-12-26T05:53:51.354Z [INFO]: ✅ Tabel bonus_log siap
2025-12-26T05:53:51.354Z [INFO]: ✅ Tabel pending_deposits siap
2025-12-26T05:53:51.355Z [INFO]: ✅ Tabel log_penjualan siap
2025-12-26T05:53:51.356Z [INFO]: ✅ Tabel unlimited_trial_users siap
2025-12-26T05:53:51.356Z [INFO]: ✅ Tabel ui_config siap
2025-12-26T05:53:51.357Z [INFO]: ✅ Default ui_config dijamin ada
2025-12-26T05:53:51.357Z [INFO]: ℹ️ Kolom show_sewa_script_button sudah tersedia di ui_config
2025-12-26T05:53:51.358Z [INFO]: ✅ Tabel reseller_config siap
2025-12-26T05:53:51.359Z [INFO]: ✅ Default reseller_config dijamin ada
2025-12-26T05:53:51.360Z [INFO]: ✅ Tabel topup_log siap
2025-12-26T05:53:51.360Z [INFO]: Server table created or already exists
2025-12-26T05:53:51.361Z [INFO]: Users table created or already exists
2025-12-26T05:53:57.396Z [ERROR]: Bot failed to launch: Telegraf: "answerCbQuery" isn't available for "message"
2025-12-26T05:54:32.409Z [INFO]: Bot initialized
2025-12-26T05:54:32.410Z [INFO]: User state initialized
2025-12-26T05:54:32.420Z [INFO]: Express server listening on port 50123
2025-12-26T05:54:32.490Z [INFO]: ✅ Terhubung ke SQLite3
2025-12-26T05:54:32.498Z [INFO]: ✅ Tabel bonus_config siap
2025-12-26T05:54:32.499Z [INFO]: Pending deposit loaded:
2025-12-26T05:54:32.501Z [INFO]: ✅ Default bonus_config dijamin ada
2025-12-26T05:54:32.503Z [INFO]: ✅ Tabel bonus_log siap
2025-12-26T05:54:32.504Z [INFO]: ✅ Tabel pending_deposits siap
2025-12-26T05:54:32.504Z [INFO]: ✅ Tabel log_penjualan siap
2025-12-26T05:54:32.505Z [INFO]: ✅ Tabel unlimited_trial_users siap
2025-12-26T05:54:32.505Z [INFO]: ✅ Tabel ui_config siap
2025-12-26T05:54:32.506Z [INFO]: ✅ Default ui_config dijamin ada
2025-12-26T05:54:32.509Z [INFO]: ℹ️ Kolom show_sewa_script_button sudah tersedia di ui_config
2025-12-26T05:54:32.509Z [INFO]: ✅ Tabel reseller_config siap
2025-12-26T05:54:32.510Z [INFO]: ✅ Default reseller_config dijamin ada
2025-12-26T05:54:32.511Z [INFO]: ✅ Tabel topup_log siap
2025-12-26T05:54:32.511Z [INFO]: Server table created or already exists
2025-12-26T05:54:32.512Z [INFO]: Users table created or already exists
2025-12-26T05:54:33.311Z [INFO]: 📥 Perintah /start atau /menu diterima
2025-12-26T05:54:33.312Z [INFO]: 📥 Perintah /start atau /menu diterima
2025-12-26T05:54:33.806Z [INFO]: ℹ️ User ID 6197482164 sudah ada
2025-12-26T05:54:34.129Z [INFO]: ℹ️ User ID 6197482164 sudah ada
2025-12-26T05:54:34.557Z [INFO]: ✅ Menu utama baru dikirim untuk user 6197482164
2025-12-26T05:54:34.655Z [INFO]: ✅ Menu utama baru dikirim untuk user 6197482164
2025-12-26T06:01:15.759Z [INFO]: Bot initialized
2025-12-26T06:01:15.760Z [INFO]: User state initialized
2025-12-26T06:01:15.770Z [INFO]: Express server listening on port 50123
2025-12-26T06:01:15.833Z [INFO]: ✅ Terhubung ke SQLite3
2025-12-26T06:01:15.839Z [INFO]: ✅ Tabel bonus_config siap
2025-12-26T06:01:15.840Z [INFO]: Pending deposit loaded:
2025-12-26T06:01:15.841Z [INFO]: ✅ Default bonus_config dijamin ada
2025-12-26T06:01:15.841Z [INFO]: ✅ Tabel bonus_log siap
2025-12-26T06:01:15.842Z [INFO]: ✅ Tabel pending_deposits siap
2025-12-26T06:01:15.843Z [INFO]: ✅ Tabel log_penjualan siap
2025-12-26T06:01:15.844Z [INFO]: ✅ Tabel unlimited_trial_users siap
2025-12-26T06:01:15.846Z [INFO]: ✅ Tabel ui_config siap
2025-12-26T06:01:15.847Z [INFO]: ✅ Default ui_config dijamin ada
2025-12-26T06:01:15.849Z [INFO]: ℹ️ Kolom show_sewa_script_button sudah tersedia di ui_config
2025-12-26T06:01:15.854Z [INFO]: ✅ Tabel reseller_config siap
2025-12-26T06:01:15.855Z [INFO]: ✅ Default reseller_config dijamin ada
2025-12-26T06:01:15.856Z [INFO]: ✅ Tabel topup_log siap
2025-12-26T06:01:15.856Z [INFO]: Server table created or already exists
2025-12-26T06:01:15.857Z [INFO]: Users table created or already exists
2025-12-26T06:01:34.740Z [ERROR]: Bot failed to launch: Telegraf: "answerCbQuery" isn't available for "message"
2025-12-26T06:02:24.216Z [INFO]: Bot initialized
2025-12-26T06:02:24.218Z [INFO]: User state initialized
2025-12-26T06:02:24.232Z [INFO]: Express server listening on port 50123
2025-12-26T06:02:24.305Z [INFO]: ✅ Terhubung ke SQLite3
2025-12-26T06:02:24.316Z [INFO]: ✅ Tabel bonus_config siap
2025-12-26T06:02:24.317Z [INFO]: Pending deposit loaded:
2025-12-26T06:02:24.317Z [INFO]: ✅ Default bonus_config dijamin ada
2025-12-26T06:02:24.318Z [INFO]: ✅ Tabel bonus_log siap
2025-12-26T06:02:24.318Z [INFO]: ✅ Tabel pending_deposits siap
2025-12-26T06:02:24.318Z [INFO]: ✅ Tabel log_penjualan siap
2025-12-26T06:02:24.319Z [INFO]: ✅ Tabel unlimited_trial_users siap
2025-12-26T06:02:24.319Z [INFO]: ✅ Tabel ui_config siap
2025-12-26T06:02:24.323Z [INFO]: ✅ Default ui_config dijamin ada
2025-12-26T06:02:24.324Z [INFO]: ℹ️ Kolom show_sewa_script_button sudah tersedia di ui_config
2025-12-26T06:02:24.325Z [INFO]: ✅ Tabel reseller_config siap
2025-12-26T06:02:24.325Z [INFO]: ✅ Default reseller_config dijamin ada
2025-12-26T06:02:24.326Z [INFO]: ✅ Tabel topup_log siap
2025-12-26T06:02:24.327Z [INFO]: Server table created or already exists
2025-12-26T06:02:24.328Z [INFO]: Users table created or already exists
2025-12-26T06:02:25.129Z [INFO]: 📥 Perintah /start atau /menu diterima
2025-12-26T06:02:25.636Z [INFO]: ℹ️ User ID 6197482164 sudah ada
2025-12-26T06:02:25.664Z [ERROR]: Bot failed to launch: Telegraf: "answerCbQuery" isn't available for "message"
2025-12-26T06:02:26.381Z [INFO]: ✅ Menu utama baru dikirim untuk user 6197482164
2025-12-26T06:27:28.011Z [INFO]: Bot initialized
2025-12-26T06:27:28.012Z [INFO]: User state initialized
2025-12-26T06:27:28.020Z [INFO]: Express server listening on port 50123
2025-12-26T06:27:28.085Z [INFO]: ✅ Terhubung ke SQLite3
2025-12-26T06:27:28.095Z [INFO]: ✅ Tabel bonus_config siap
2025-12-26T06:27:28.095Z [INFO]: Pending deposit loaded:
2025-12-26T06:27:28.096Z [INFO]: ✅ Default bonus_config dijamin ada
2025-12-26T06:27:28.099Z [INFO]: ✅ Tabel bonus_log siap
2025-12-26T06:27:28.100Z [INFO]: ✅ Tabel pending_deposits siap
2025-12-26T06:27:28.100Z [INFO]: ✅ Tabel log_penjualan siap
2025-12-26T06:27:28.101Z [INFO]: ✅ Tabel unlimited_trial_users siap
2025-12-26T06:27:28.101Z [INFO]: ✅ Tabel ui_config siap
2025-12-26T06:27:28.102Z [INFO]: ✅ Default ui_config dijamin ada
2025-12-26T06:27:28.102Z [INFO]: ℹ️ Kolom show_sewa_script_button sudah tersedia di ui_config
2025-12-26T06:27:28.103Z [INFO]: ✅ Tabel reseller_config siap
2025-12-26T06:27:28.104Z [INFO]: ✅ Default reseller_config dijamin ada
2025-12-26T06:27:28.104Z [INFO]: ✅ Tabel topup_log siap
2025-12-26T06:27:28.105Z [INFO]: Server table created or already exists
2025-12-26T06:27:28.106Z [INFO]: Users table created or already exists
2025-12-26T06:27:28.904Z [INFO]: 📥 Perintah /start atau /menu diterima
2025-12-26T06:27:28.905Z [INFO]: 📥 Perintah /start atau /menu diterima
2025-12-26T06:27:28.905Z [INFO]: 📥 Perintah /start atau /menu diterima
2025-12-26T06:27:28.905Z [INFO]: 📥 Perintah /start atau /menu diterima
2025-12-26T06:27:28.905Z [INFO]: 📥 Perintah /start atau /menu diterima
2025-12-26T06:27:28.905Z [INFO]: 📥 Perintah /start atau /menu diterima
2025-12-26T06:27:29.409Z [INFO]: ℹ️ User ID 6197482164 sudah ada
2025-12-26T06:27:29.748Z [INFO]: ℹ️ User ID 6197482164 sudah ada
2025-12-26T06:27:29.794Z [INFO]: ℹ️ User ID 6197482164 sudah ada
2025-12-26T06:27:29.794Z [INFO]: ℹ️ User ID 6197482164 sudah ada
2025-12-26T06:27:29.794Z [INFO]: ℹ️ User ID 6197482164 sudah ada
2025-12-26T06:27:29.807Z [INFO]: ℹ️ User ID 6197482164 sudah ada
2025-12-26T06:27:30.161Z [INFO]: ✅ Menu utama baru dikirim untuk user 6197482164
2025-12-26T06:27:30.288Z [INFO]: ✅ Menu utama baru dikirim untuk user 6197482164
2025-12-26T06:27:30.360Z [INFO]: ✅ Menu utama baru dikirim untuk user 6197482164
2025-12-26T06:27:30.407Z [INFO]: ✅ Menu utama baru dikirim untuk user 6197482164
2025-12-26T06:27:30.440Z [INFO]: ✅ Menu utama baru dikirim untuk user 6197482164
2025-12-26T06:27:30.494Z [INFO]: ✅ Menu utama baru dikirim untuk user 6197482164
2025-12-26T06:27:45.309Z [INFO]: 📥 Perintah /start atau /menu diterima
2025-12-26T06:27:45.820Z [INFO]: ℹ️ User ID 6197482164 sudah ada
2025-12-26T06:27:46.158Z [INFO]: 🧹 Menu lama user 6197482164 dihapus
2025-12-26T06:27:46.776Z [INFO]: ✅ Menu utama baru dikirim untuk user 6197482164
2025-12-26T06:47:14.301Z [INFO]: Admin menu requested
2025-12-26T06:47:42.197Z [INFO]: 🗑️ Proses hapus server dimulai
2025-12-26T06:47:45.309Z [INFO]: Server dengan ID 2 berhasil dihapus
2025-12-26T06:47:55.065Z [INFO]: 📥 Perintah /start atau /menu diterima
2025-12-26T06:47:55.584Z [INFO]: ℹ️ User ID 6197482164 sudah ada
2025-12-26T06:47:55.921Z [INFO]: 🧹 Menu lama user 6197482164 dihapus
2025-12-26T06:47:56.665Z [INFO]: ✅ Menu utama baru dikirim untuk user 6197482164
2025-12-26T06:49:41.175Z [INFO]: 🔍 User 7446261712 memulai proses top-up saldo (QRIS Orkut).
2025-12-26T06:49:41.519Z [INFO]: 🧹 Menu lama milik 7446261712 berhasil dihapus
2025-12-26T06:49:41.519Z [INFO]: 📝 Menunggu input nominal dari user 7446261712 untuk QRIS Orkut
2025-12-26T06:49:49.582Z [INFO]: 📩 Input teks dari 7446261712: 100
2025-12-26T08:05:13.451Z [INFO]: 📥 Perintah /start atau /menu diterima
2025-12-26T08:05:14.109Z [INFO]: ℹ️ User ID 6197482164 sudah ada
2025-12-26T08:05:14.616Z [INFO]: 🧹 Menu lama user 6197482164 dihapus
2025-12-26T08:05:15.346Z [INFO]: ✅ Menu utama baru dikirim untuk user 6197482164
2025-12-26T08:17:57.750Z [INFO]: 📥 Perintah /start atau /menu diterima
2025-12-26T08:17:58.239Z [INFO]: ℹ️ User ID 6197482164 sudah ada
2025-12-26T08:17:58.597Z [INFO]: 🧹 Menu lama user 6197482164 dihapus
2025-12-26T08:17:59.340Z [INFO]: ✅ Menu utama baru dikirim untuk user 6197482164
2025-12-26T08:19:38.184Z [INFO]: 📥 Perintah /start atau /menu diterima
2025-12-26T08:19:38.676Z [INFO]: ℹ️ User ID 6197482164 sudah ada
2025-12-26T08:19:39.026Z [INFO]: 🧹 Menu lama user 6197482164 dihapus
2025-12-26T08:19:39.812Z [INFO]: ✅ Menu utama baru dikirim untuk user 6197482164
2025-12-26T08:26:48.395Z [INFO]: 📥 Perintah /start atau /menu diterima
2025-12-26T08:26:48.939Z [INFO]: ℹ️ User ID 6197482164 sudah ada
2025-12-26T08:26:49.265Z [INFO]: 🧹 Menu lama user 6197482164 dihapus
2025-12-26T08:26:49.985Z [INFO]: ✅ Menu utama baru dikirim untuk user 6197482164
2025-12-26T08:30:54.248Z [INFO]: 📥 Perintah /start atau /menu diterima
2025-12-26T08:30:54.742Z [INFO]: ℹ️ User ID 6197482164 sudah ada
2025-12-26T08:30:55.070Z [INFO]: 🧹 Menu lama user 6197482164 dihapus
2025-12-26T08:30:55.800Z [INFO]: ✅ Menu utama baru dikirim untuk user 6197482164
2025-12-26T08:57:16.058Z [INFO]: 📥 Perintah /start atau /menu diterima
2025-12-26T08:57:16.575Z [INFO]: ℹ️ User ID 6197482164 sudah ada
2025-12-26T08:57:16.914Z [INFO]: 🧹 Menu lama user 6197482164 dihapus
2025-12-26T08:57:17.672Z [INFO]: ✅ Menu utama baru dikirim untuk user 6197482164
2025-12-26T08:57:23.735Z [INFO]: trial service menu sent
2025-12-26T08:57:25.276Z [INFO]: Memulai proses trial untuk vmess di halaman 1
2025-12-26T08:58:01.516Z [INFO]: 📥 Perintah /start atau /menu diterima
2025-12-26T08:58:02.209Z [INFO]: ℹ️ User ID 7446261712 sudah ada
2025-12-26T08:58:02.778Z [INFO]: ✅ Menu utama baru dikirim untuk user 7446261712
2025-12-26T08:58:07.633Z [INFO]: create service menu sent
2025-12-26T08:58:09.401Z [INFO]: Memulai proses create untuk trojan di halaman 1
2025-12-26T08:58:18.709Z [INFO]: 📩 Input teks dari 7446261712: Akhirtahun
2025-12-26T08:58:22.713Z [INFO]: 📩 Input teks dari 7446261712: 1
2025-12-26T08:58:23.060Z [INFO]: Mencoba create trojan untuk user 7446261712 di server SG LEASEWEB
2025-12-26T08:58:24.394Z [INFO]: ✅ Aksi Buat Akun trojan berhasil untuk user 7446261712.
2025-12-26T08:58:25.098Z [INFO]: ✅ Saldo Rp400 berhasil dikurangi untuk user 7446261712 (Buat Akun trojan)
2025-12-26T08:58:25.114Z [INFO]: ✅ Log penjualan dicatat: 7446261712 - trojan - create - Rp400 - Role: member
2025-12-26T08:58:26.489Z [INFO]: ✅ Log transaksi #4 dikirim ke grup -1002076809846
2025-12-26T08:58:26.489Z [INFO]: ✅ afterAccountTransaction selesai untuk user 7446261712, transaksi #4
2025-12-26T09:03:51.338Z [INFO]: 📩 Input teks dari 1087968824: 💼 Bergabunglah Menjadi RESELLER Resmi Kami!

🔥 Dapatkan harga spesial 6K per akun!!, keuntungan menarik, dan akses penuh untuk membuat akun premium langsung dari bot ini!

📩 Hubungi admin untuk mendaftar:
✅ Telegram
https://t.me/AJW29
✅ WhatsApp
https://wa.me/6287898083051?text=ASSALAMUALAIKUM+MIN+MAU+JADI+RESELLER😳😳

📝 Kirim pesan ke admin dengan format berikut:
Mau jadi reseller (id anda)

🎯 Keuntungan jadi reseller:
• Harga akun jauh lebih murah
• Bisa buat akun premium kapan saja
• Dapat dukungan langsung dari admin
• Bonus dan promo menarik setiap bulan

💰 Syarat Bergabung:
> Deposit awal sebesar Rp20.000 (langsung masuk ke saldo akun kamu)
> Minimal penjualan 3 akun premium per bulan

✨ Jadilah bagian dari komunitas reseller kami dan nikmati penghasilan tambahan dari setiap penjualan akun VPN! - upgrade
2025-12-26T09:27:06.211Z [INFO]: 📥 Perintah /start atau /menu diterima
2025-12-26T09:27:08.101Z [INFO]: ℹ️ User ID 6197482164 sudah ada
2025-12-26T09:27:09.050Z [INFO]: 🧹 Menu lama user 6197482164 dihapus
2025-12-26T09:27:10.889Z [INFO]: ✅ Menu utama baru dikirim untuk user 6197482164
2025-12-26T10:13:10.364Z [INFO]: Admin menu requested
2025-12-26T10:13:16.654Z [INFO]: 📥 Proses tambah server dimulai
2025-12-26T10:13:24.907Z [INFO]: 📩 Input teks dari 6197482164: Newmedia.klmpkfsvpn.me
2025-12-26T10:13:30.891Z [INFO]: 📩 Input teks dari 6197482164: 3e5c18
2025-12-26T10:14:17.319Z [INFO]: 📩 Input teks dari 6197482164: SG NEWMEDIA 🇸🇬
2025-12-26T10:14:23.025Z [INFO]: 📩 Input teks dari 6197482164: 200
2025-12-26T10:14:25.647Z [INFO]: 📩 Input teks dari 6197482164: 2
2025-12-26T10:14:34.950Z [INFO]: 📩 Input teks dari 6197482164: 80
2025-12-26T10:14:45.342Z [INFO]: 📩 Input teks dari 6197482164: 320
2025-12-26T10:14:52.487Z [INFO]: Admin menu requested
2025-12-26T10:15:00.959Z [INFO]: Edit server nama process started
2025-12-26T10:15:05.024Z [INFO]: User 6197482164 memilih untuk mengedit nama server dengan ID: 1
2025-12-26T10:15:15.610Z [INFO]: 📩 Input teks dari 6197482164: SG LEASEWEB 🇸🇬
2025-12-26T10:15:19.500Z [INFO]: 📥 Perintah /start atau /menu diterima
2025-12-26T10:15:20.192Z [INFO]: ℹ️ User ID 6197482164 sudah ada
2025-12-26T10:15:20.530Z [INFO]: 🧹 Menu lama user 6197482164 dihapus
2025-12-26T10:15:21.263Z [INFO]: ✅ Menu utama baru dikirim untuk user 6197482164
2025-12-26T10:15:23.727Z [INFO]: trial service menu sent
2025-12-26T10:15:25.809Z [INFO]: Memulai proses trial untuk vmess di halaman 1
2025-12-26T10:15:38.673Z [INFO]: 🧹 Menu lama user 6197482164 dihapus (kembali ke menu utama)
2025-12-26T10:15:39.198Z [INFO]: ℹ️ Edit message diabaikan untuk user 6197482164, kirim ulang menu baru
2025-12-26T10:15:39.613Z [INFO]: ✅ Menu utama baru dikirim untuk user 6197482164
2025-12-26T10:15:39.613Z [INFO]: ✅ Menu utama baru dikirim ke user 6197482164
2025-12-26T10:25:44.092Z [INFO]: Admin menu requested
2025-12-26T10:26:15.831Z [INFO]: Add saldo user process started
2025-12-26T10:26:19.877Z [INFO]: User 6197482164 memilih untuk menambahkan saldo user dengan ID: 1
2025-12-26T10:26:55.381Z [INFO]: 📥 Perintah /start atau /menu diterima
2025-12-26T10:26:55.868Z [INFO]: ℹ️ User ID 6197482164 sudah ada
2025-12-26T10:26:56.201Z [INFO]: 🧹 Menu lama user 6197482164 dihapus
2025-12-26T10:26:56.727Z [INFO]: ✅ Menu utama baru dikirim untuk user 6197482164
2025-12-26T10:27:57.963Z [INFO]: 📩 Input teks dari 1087968824: Bug
2025-12-26T10:28:07.448Z [INFO]: create service menu sent
2025-12-26T10:28:10.025Z [INFO]: Memulai proses create untuk ssh di halaman 1
2025-12-26T10:28:22.071Z [INFO]: 📩 Input teks dari 6197482164: Adminganteng
2025-12-26T10:28:28.322Z [INFO]: 📩 Input teks dari 6197482164: Iyakali
2025-12-26T10:28:32.218Z [INFO]: 📩 Input teks dari 6197482164: 1
2025-12-26T10:28:32.575Z [INFO]: Mencoba create ssh untuk user 6197482164 di server SG NEWMEDIA 🇸🇬
2025-12-26T10:28:34.411Z [INFO]: ✅ Aksi Buat Akun ssh berhasil untuk user 6197482164.
2025-12-26T10:28:34.768Z [INFO]: ✅ Saldo Rp320 berhasil dikurangi untuk user 6197482164 (Buat Akun ssh)
2025-12-26T10:28:34.779Z [INFO]: ✅ Log penjualan dicatat: 6197482164 - ssh - create - Rp320 - Role: member
2025-12-26T10:28:36.101Z [INFO]: ✅ Log transaksi #5 dikirim ke grup -1002076809846
2025-12-26T10:28:36.101Z [INFO]: ✅ afterAccountTransaction selesai untuk user 6197482164, transaksi #5
2025-12-26T10:36:23.301Z [INFO]: Admin menu requested
2025-12-26T10:41:32.076Z [INFO]: Admin menu requested
2025-12-26T10:42:25.957Z [INFO]: 📩 Input teks dari 6197482164: on 10000 30
2025-12-26T12:37:01.055Z [INFO]: 📥 Perintah /start atau /menu diterima
2025-12-26T12:37:01.725Z [INFO]: ℹ️ User ID 6197482164 sudah ada
2025-12-26T12:37:02.262Z [INFO]: 🧹 Menu lama user 6197482164 dihapus
2025-12-26T12:37:03.004Z [INFO]: ✅ Menu utama baru dikirim untuk user 6197482164
2025-12-26T12:38:31.875Z [INFO]: 📥 Perintah /start atau /menu diterima
2025-12-26T12:38:32.376Z [INFO]: ℹ️ User ID 6197482164 sudah ada
2025-12-26T12:38:32.706Z [INFO]: 🧹 Menu lama user 6197482164 dihapus
2025-12-26T12:38:33.429Z [INFO]: ✅ Menu utama baru dikirim untuk user 6197482164
2025-12-26T12:39:48.569Z [INFO]: 📥 Perintah /start atau /menu diterima
2025-12-26T12:39:49.059Z [INFO]: ℹ️ User ID 6197482164 sudah ada
2025-12-26T12:39:49.399Z [INFO]: 🧹 Menu lama user 6197482164 dihapus
2025-12-26T12:39:50.131Z [INFO]: ✅ Menu utama baru dikirim untuk user 6197482164
2025-12-26T12:40:05.727Z [INFO]: sewascript service menu sent
2025-12-26T12:40:12.585Z [INFO]: 🧹 Menu lama user 6197482164 dihapus (kembali ke menu utama)
2025-12-26T12:40:13.079Z [INFO]: ℹ️ Edit message diabaikan untuk user 6197482164, kirim ulang menu baru
2025-12-26T12:40:13.458Z [INFO]: ✅ Menu utama baru dikirim untuk user 6197482164
2025-12-26T12:40:13.458Z [INFO]: ✅ Menu utama baru dikirim ke user 6197482164
2025-12-26T12:49:03.064Z [INFO]: Admin menu requested
2025-12-26T12:49:29.848Z [INFO]: Edit server nama process started
2025-12-26T12:49:39.339Z [INFO]: User 6197482164 memilih untuk mengedit nama server dengan ID: 1
2025-12-26T12:50:23.041Z [INFO]: 📩 Input teks dari 6197482164: LEASEWEB - 2DEV🇸🇬
2025-12-26T12:50:29.609Z [INFO]: User 6197482164 memilih untuk mengedit nama server dengan ID: 3
2025-12-26T12:50:30.323Z [INFO]: Admin menu requested
2025-12-26T12:50:38.901Z [INFO]: Edit server nama process started
2025-12-26T12:50:41.213Z [INFO]: User 6197482164 memilih untuk mengedit nama server dengan ID: 3
2025-12-26T12:50:59.371Z [INFO]: 📩 Input teks dari 6197482164: NEWMEDIA - 2DEV🇸🇬
2025-12-26T12:51:13.757Z [INFO]: 📥 Perintah /start atau /menu diterima
2025-12-26T12:51:14.246Z [INFO]: ℹ️ User ID 6197482164 sudah ada
2025-12-26T12:51:14.571Z [INFO]: 🧹 Menu lama user 6197482164 dihapus
2025-12-26T12:51:15.295Z [INFO]: ✅ Menu utama baru dikirim untuk user 6197482164
2025-12-26T12:51:20.403Z [INFO]: Admin menu requested
2025-12-26T12:51:32.775Z [INFO]: 📥 Proses tambah server dimulai
2025-12-26T12:51:52.139Z [INFO]: 📩 Input teks dari 6197482164: Newmedia.klmpkfsvpn.me
2025-12-26T12:51:54.705Z [INFO]: 📩 Input teks dari 6197482164: 3e5c18
2025-12-26T12:52:13.734Z [INFO]: 📩 Input teks dari 6197482164: NEWMEDIA - 1DEV🇸🇬
2025-12-26T12:52:19.596Z [INFO]: 📩 Input teks dari 6197482164: 200
2025-12-26T12:52:22.667Z [INFO]: 📩 Input teks dari 6197482164: 1
2025-12-26T12:52:53.421Z [INFO]: 📩 Input teks dari 6197482164: 100
2025-12-26T12:53:36.285Z [INFO]: 📩 Input teks dari 6197482164: 165
2025-12-26T12:54:09.874Z [INFO]: Admin menu requested
2025-12-26T12:54:13.093Z [INFO]: 📥 Proses tambah server dimulai
2025-12-26T12:54:55.886Z [INFO]: 📩 Input teks dari 6197482164: Sgvvip.klmpkfsvpn.me
2025-12-26T12:54:58.165Z [INFO]: 📩 Input teks dari 6197482164: 3ca1c4
2025-12-26T12:55:12.770Z [INFO]: 📩 Input teks dari 6197482164: LEASEWEB - 1DEV🇸🇬
2025-12-26T12:55:15.951Z [INFO]: 📩 Input teks dari 6197482164: 200
2025-12-26T12:55:18.594Z [INFO]: 📩 Input teks dari 6197482164: 1
2025-12-26T12:55:31.699Z [INFO]: 📩 Input teks dari 6197482164: 100
2025-12-26T12:55:41.281Z [INFO]: 📩 Input teks dari 6197482164: 167
2025-12-26T12:55:48.302Z [INFO]: 📥 Perintah /start atau /menu diterima
2025-12-26T12:55:48.822Z [INFO]: ℹ️ User ID 6197482164 sudah ada
2025-12-26T12:55:49.166Z [INFO]: 🧹 Menu lama user 6197482164 dihapus
2025-12-26T12:55:49.907Z [INFO]: ✅ Menu utama baru dikirim untuk user 6197482164
2025-12-26T12:55:51.874Z [INFO]: create service menu sent
2025-12-26T12:55:53.898Z [INFO]: Memulai proses create untuk ssh di halaman 1
2025-12-26T12:57:05.542Z [INFO]: Admin menu requested
2025-12-26T12:57:15.040Z [INFO]: Edit server harga process started
2025-12-26T12:57:18.256Z [INFO]: User 6197482164 memilih untuk mengedit harga server dengan ID: 4
2025-12-26T12:57:36.903Z [INFO]: 📥 Perintah /start atau /menu diterima
2025-12-26T12:57:37.395Z [INFO]: ℹ️ User ID 6197482164 sudah ada
2025-12-26T12:57:37.728Z [INFO]: 🧹 Menu lama user 6197482164 dihapus
2025-12-26T12:57:38.468Z [INFO]: ✅ Menu utama baru dikirim untuk user 6197482164
2025-12-26T12:57:44.743Z [INFO]: create service menu sent
2025-12-26T12:57:46.627Z [INFO]: Memulai proses create untuk trojan di halaman 1
2025-12-26T13:09:23.529Z [INFO]: 📥 Perintah /start atau /menu diterima
2025-12-26T13:09:24.023Z [INFO]: ℹ️ User ID 6197482164 sudah ada
2025-12-26T13:09:24.350Z [INFO]: 🧹 Menu lama user 6197482164 dihapus
2025-12-26T13:09:25.081Z [INFO]: ✅ Menu utama baru dikirim untuk user 6197482164
2025-12-26T13:09:33.096Z [INFO]: create service menu sent
2025-12-26T13:09:34.464Z [INFO]: Memulai proses create untuk vmess di halaman 1
2025-12-26T13:10:32.628Z [INFO]: Admin menu requested
2025-12-26T13:10:39.866Z [INFO]: Edit server harga process started
2025-12-26T13:10:42.728Z [INFO]: User 6197482164 memilih untuk mengedit harga server dengan ID: 4
2025-12-26T13:10:53.200Z [INFO]: Admin menu requested
2025-12-26T13:10:58.201Z [INFO]: 🧹 Menu lama user 6197482164 dihapus (kembali ke menu utama)
2025-12-26T13:10:58.934Z [INFO]: ℹ️ Edit message diabaikan untuk user 6197482164, kirim ulang menu baru
2025-12-26T13:10:59.325Z [INFO]: ✅ Menu utama baru dikirim untuk user 6197482164
2025-12-26T13:10:59.325Z [INFO]: ✅ Menu utama baru dikirim ke user 6197482164
2025-12-26T13:11:12.154Z [INFO]: create service menu sent
2025-12-26T13:11:13.677Z [INFO]: Memulai proses create untuk vmess di halaman 1
2025-12-26T15:29:36.730Z [INFO]: 📥 Perintah /start atau /menu diterima
2025-12-26T15:29:37.416Z [INFO]: ℹ️ User ID 6197482164 sudah ada
2025-12-26T15:29:37.766Z [INFO]: 🧹 Menu lama user 6197482164 dihapus
2025-12-26T15:29:38.563Z [INFO]: ✅ Menu utama baru dikirim untuk user 6197482164
2025-12-26T15:33:05.028Z [INFO]: 📩 Input teks dari 1087968824: 🔥 EVENT SPECIAL MALAM INI! 🔥

Ayo ikut Event Sebar Link Bot [@nznxajivpn_bot](https://t.me/nznxajivpn_bot) dengan hashtag:
#TIEMFAN #KLMPKFS #VPNMURAH

💰 Cuma sebar link, langsung dapat reward!

✨ Hadiah Event:
📌 Sebar ke 6 Grup → Saldo Bot 10K
📌 Sebar ke 30 Grup → Akses Reseller + Unlimited Trial + Saldo Bot 15K
📌 Sebar ke 60 Grup → Akses Reseller + Unlimited Trial + Saldo Bot 25K

📸 Setelah sebar, kirim bukti screenshot ke admin: @AJW29

💥 Semakin banyak sebar link, semakin besar hadiahnya!
Gaskeun sebelum event berakhir malam ini! 🔥🔥
2025-12-26T15:35:33.767Z [INFO]: create service menu sent
2025-12-26T15:35:35.948Z [INFO]: Memulai proses create untuk ssh di halaman 1
2025-12-26T15:35:55.389Z [INFO]: 📩 Input teks dari 6197482164: Mbahencan
2025-12-26T15:36:46.372Z [INFO]: 📩 Input teks dari 6197482164: Fbfjekq29
2025-12-26T15:36:50.147Z [INFO]: 📩 Input teks dari 6197482164: 30
2025-12-26T15:36:50.534Z [INFO]: Mencoba create ssh untuk user 6197482164 di server NEWMEDIA - 1DEV🇸🇬
2025-12-26T15:36:52.359Z [INFO]: ✅ Aksi Buat Akun ssh berhasil untuk user 6197482164.
2025-12-26T15:36:52.858Z [INFO]: ✅ Saldo Rp4350 berhasil dikurangi untuk user 6197482164 (Buat Akun ssh)
2025-12-26T15:36:52.877Z [INFO]: ✅ Log penjualan dicatat: 6197482164 - ssh - create - Rp4350 - Role: member
2025-12-26T15:37:25.235Z [INFO]: ✅ Log transaksi #6 dikirim ke grup -1002076809846
2025-12-26T15:37:25.235Z [INFO]: ✅ afterAccountTransaction selesai untuk user 6197482164, transaksi #6
2025-12-26T15:55:56.752Z [INFO]: 📥 Perintah /start atau /menu diterima
2025-12-26T15:56:33.332Z [INFO]: ✅ Menu utama diedit untuk user 6081379524
2025-12-26T15:56:40.525Z [INFO]: trial service menu sent
2025-12-26T15:56:42.405Z [INFO]: Memulai proses trial untuk ssh di halaman 1
2025-12-26T16:00:47.622Z [INFO]: 📥 Perintah /start atau /menu diterima
2025-12-26T16:01:54.967Z [INFO]: 📥 Perintah /start atau /menu diterima
2025-12-26T16:02:11.535Z [INFO]: 📥 Perintah /start atau /menu diterima
2025-12-26T16:05:41.896Z [INFO]: ✅ Menu utama diedit untuk user 6065984416
2025-12-26T16:06:30.295Z [INFO]: Admin menu requested
2025-12-26T16:06:32.604Z [INFO]: 📥 Perintah /start atau /menu diterima
2025-12-26T16:06:33.139Z [INFO]: ✅ User ID 6065984416 berhasil disimpan
2025-12-26T16:06:33.470Z [INFO]: 🧹 Menu lama user 6065984416 dihapus
2025-12-26T16:06:34.020Z [INFO]: ✅ Menu utama baru dikirim untuk user 6065984416
2025-12-26T16:06:46.160Z [INFO]: 🔍 User 6065984416 memulai proses top-up saldo (QRIS Orkut).
2025-12-26T16:06:46.592Z [INFO]: 🧹 Menu lama milik 6065984416 berhasil dihapus
2025-12-26T16:06:46.592Z [INFO]: 📝 Menunggu input nominal dari user 6065984416 untuk QRIS Orkut
2025-12-26T16:06:51.198Z [INFO]: 📩 Input teks dari 6065984416: 10000
2025-12-26T16:07:19.810Z [INFO]: 🧹 Menu lama user 6065984416 dihapus (kembali ke menu utama)
2025-12-26T16:07:20.299Z [INFO]: ℹ️ Edit message diabaikan untuk user 6065984416, kirim ulang menu baru
2025-12-26T16:07:20.691Z [INFO]: ✅ Menu utama baru dikirim untuk user 6065984416
2025-12-26T16:07:20.691Z [INFO]: ✅ Menu utama baru dikirim ke user 6065984416
2025-12-26T16:07:26.711Z [INFO]: create service menu sent
2025-12-26T16:07:29.891Z [INFO]: Memulai proses create untuk vmess di halaman 1
2025-12-26T16:07:51.646Z [INFO]: 📩 Input teks dari 6065984416: Fff
2025-12-26T16:08:00.738Z [INFO]: 📩 Input teks dari 6065984416: 30
2025-12-26T16:14:15.411Z [INFO]: 📥 Perintah /start atau /menu diterima
2025-12-26T16:14:15.898Z [INFO]: ℹ️ User ID 6197482164 sudah ada
2025-12-26T16:14:16.417Z [INFO]: 🧹 Menu lama user 6197482164 dihapus
2025-12-26T16:14:17.200Z [INFO]: ✅ Menu utama baru dikirim untuk user 6197482164
2025-12-26T16:58:18.647Z [INFO]: 📥 Perintah /start atau /menu diterima
2025-12-26T16:58:19.139Z [INFO]: ℹ️ User ID 6197482164 sudah ada
2025-12-26T16:58:19.750Z [INFO]: 🧹 Menu lama user 6197482164 dihapus
2025-12-26T16:58:20.497Z [INFO]: ✅ Menu utama baru dikirim untuk user 6197482164
2025-12-26T16:58:24.645Z [INFO]: create service menu sent
2025-12-26T16:58:27.015Z [INFO]: Memulai proses create untuk vless di halaman 1
2025-12-26T16:58:38.917Z [INFO]: 📩 Input teks dari 6197482164: Free
2025-12-26T16:58:41.611Z [INFO]: 📩 Input teks dari 6197482164: 30
2025-12-26T16:58:41.970Z [INFO]: Mencoba create vless untuk user 6197482164 di server NEWMEDIA - 2DEV🇸🇬
2025-12-26T16:58:45.323Z [INFO]: ✅ Aksi Buat Akun vless berhasil untuk user 6197482164.
2025-12-26T16:58:46.026Z [INFO]: ✅ Saldo Rp9600 berhasil dikurangi untuk user 6197482164 (Buat Akun vless)
2025-12-26T16:58:46.045Z [INFO]: ✅ Log penjualan dicatat: 6197482164 - vless - create - Rp9600 - Role: member
2025-12-26T16:58:47.491Z [INFO]: ✅ Log transaksi #7 dikirim ke grup -1002076809846
2025-12-26T16:58:47.491Z [INFO]: ✅ afterAccountTransaction selesai untuk user 6197482164, transaksi #7
2025-12-26T17:00:39.386Z [INFO]: 📥 Perintah /start atau /menu diterima
2025-12-26T17:00:39.876Z [INFO]: ℹ️ User ID 6197482164 sudah ada
2025-12-26T17:00:40.206Z [INFO]: 🧹 Menu lama user 6197482164 dihapus
2025-12-26T17:00:40.940Z [INFO]: ✅ Menu utama baru dikirim untuk user 6197482164
2025-12-26T17:00:44.009Z [INFO]: create service menu sent
2025-12-26T17:00:48.139Z [INFO]: Memulai proses create untuk vless di halaman 1
2025-12-26T17:01:11.249Z [INFO]: 📩 Input teks dari 6197482164: LovePalestine
2025-12-26T17:01:14.104Z [INFO]: 📩 Input teks dari 6197482164: 30
2025-12-26T17:01:14.454Z [INFO]: Mencoba create vless untuk user 6197482164 di server LEASEWEB - 2DEV🇸🇬
2025-12-26T17:01:15.941Z [INFO]: ✅ Aksi Buat Akun vless berhasil untuk user 6197482164.
2025-12-26T17:01:16.296Z [INFO]: ✅ Saldo Rp12000 berhasil dikurangi untuk user 6197482164 (Buat Akun vless)
2025-12-26T17:01:16.345Z [INFO]: ✅ Log penjualan dicatat: 6197482164 - vless - create - Rp12000 - Role: member
2025-12-26T17:01:17.628Z [INFO]: ✅ Log transaksi #8 dikirim ke grup -1002076809846
2025-12-26T17:01:17.628Z [INFO]: ✅ afterAccountTransaction selesai untuk user 6197482164, transaksi #8
2025-12-26T17:05:31.073Z [INFO]: Admin menu requested
2025-12-26T17:05:43.103Z [INFO]: 📥 Perintah /start atau /menu diterima
2025-12-26T17:05:43.654Z [INFO]: ℹ️ User ID 6197482164 sudah ada
2025-12-26T17:05:43.984Z [INFO]: 🧹 Menu lama user 6197482164 dihapus
2025-12-26T17:05:44.729Z [INFO]: ✅ Menu utama baru dikirim untuk user 6197482164
2025-12-26T17:10:26.009Z [INFO]: 📥 Perintah /start atau /menu diterima
2025-12-26T17:26:20.672Z [INFO]: 📥 Perintah /start atau /menu diterima
2025-12-26T17:26:21.168Z [INFO]: ℹ️ User ID 6197482164 sudah ada
2025-12-26T17:26:21.520Z [INFO]: 🧹 Menu lama user 6197482164 dihapus
2025-12-26T17:26:22.241Z [INFO]: ✅ Menu utama baru dikirim untuk user 6197482164
2025-12-26T17:44:53.479Z [INFO]: 📥 Perintah /start atau /menu diterima
2025-12-26T17:46:24.250Z [INFO]: Admin menu requested
2025-12-26T17:46:42.410Z [INFO]: 📥 Perintah /start atau /menu diterima
2025-12-26T17:51:48.534Z [INFO]: ✅ Menu utama diedit untuk user 8217470848
2025-12-26T17:51:56.242Z [INFO]: trial service menu sent
2025-12-26T17:51:57.870Z [INFO]: Memulai proses trial untuk vmess di halaman 1
2025-12-26T17:52:04.782Z [INFO]: 🧹 Menu lama user 8217470848 dihapus (kembali ke menu utama)
2025-12-26T17:52:05.285Z [INFO]: ℹ️ Edit message diabaikan untuk user 8217470848, kirim ulang menu baru
2025-12-26T17:52:05.652Z [INFO]: ✅ Menu utama baru dikirim untuk user 8217470848
2025-12-26T17:52:05.652Z [INFO]: ✅ Menu utama baru dikirim ke user 8217470848
2025-12-26T17:52:12.375Z [INFO]: create service menu sent
2025-12-26T17:52:14.295Z [INFO]: Memulai proses create untuk vmess di halaman 1
2025-12-26T17:52:17.214Z [INFO]: 🧹 Menu lama user 8217470848 dihapus (kembali ke menu utama)
2025-12-26T17:52:17.705Z [INFO]: ℹ️ Edit message diabaikan untuk user 8217470848, kirim ulang menu baru
2025-12-26T17:52:18.085Z [INFO]: ✅ Menu utama baru dikirim untuk user 8217470848
2025-12-26T17:52:18.085Z [INFO]: ✅ Menu utama baru dikirim ke user 8217470848
2025-12-26T17:56:49.973Z [INFO]: 📥 Perintah /start atau /menu diterima
2025-12-26T17:56:50.472Z [INFO]: ℹ️ User ID 6197482164 sudah ada
2025-12-26T17:56:50.801Z [INFO]: 🧹 Menu lama user 6197482164 dihapus
2025-12-26T17:56:51.517Z [INFO]: ✅ Menu utama baru dikirim untuk user 6197482164
2025-12-26T22:00:16.983Z [INFO]: Bot initialized
2025-12-26T22:00:16.985Z [INFO]: User state initialized
2025-12-26T22:00:16.993Z [INFO]: Express server listening on port 50123
2025-12-26T22:00:17.071Z [INFO]: ✅ Terhubung ke SQLite3
2025-12-26T22:00:17.080Z [INFO]: ✅ Tabel bonus_config siap
2025-12-26T22:00:17.080Z [INFO]: Pending deposit loaded:
2025-12-26T22:00:17.082Z [INFO]: ✅ Default bonus_config dijamin ada
2025-12-26T22:00:17.082Z [INFO]: ✅ Tabel bonus_log siap
2025-12-26T22:00:17.083Z [INFO]: ✅ Tabel pending_deposits siap
2025-12-26T22:00:17.083Z [INFO]: ✅ Tabel log_penjualan siap
2025-12-26T22:00:17.084Z [INFO]: ✅ Tabel unlimited_trial_users siap
2025-12-26T22:00:17.084Z [INFO]: ✅ Tabel ui_config siap
2025-12-26T22:00:17.084Z [INFO]: ✅ Default ui_config dijamin ada
2025-12-26T22:00:17.085Z [INFO]: ℹ️ Kolom show_sewa_script_button sudah tersedia di ui_config
2025-12-26T22:00:17.085Z [INFO]: ✅ Tabel reseller_config siap
2025-12-26T22:00:17.085Z [INFO]: ✅ Default reseller_config dijamin ada
2025-12-26T22:00:17.085Z [INFO]: ✅ Tabel topup_log siap
2025-12-26T22:00:17.086Z [INFO]: Server table created or already exists
2025-12-26T22:00:17.086Z [INFO]: Users table created or already exists
2025-12-26T23:02:10.153Z [INFO]: 📥 Perintah /start atau /menu diterima
2025-12-26T23:02:10.851Z [INFO]: ✅ User ID 5039581855 berhasil disimpan
2025-12-26T23:02:11.624Z [INFO]: ✅ Menu utama baru dikirim untuk user 5039581855
2025-12-26T23:02:25.055Z [INFO]: trial service menu sent
2025-12-26T23:02:26.469Z [INFO]: Memulai proses trial untuk ssh di halaman 1
2025-12-27T03:17:54.126Z [INFO]: 📥 Perintah /start atau /menu diterima
2025-12-27T04:10:44.520Z [INFO]: 📥 Perintah /start atau /menu diterima
2025-12-27T04:10:45.038Z [INFO]: ✅ User ID 859249044 berhasil disimpan
2025-12-27T04:10:45.798Z [INFO]: ✅ Menu utama baru dikirim untuk user 859249044
2025-12-27T04:11:11.216Z [INFO]: trial service menu sent
2025-12-27T04:11:13.968Z [INFO]: Memulai proses trial untuk ssh di halaman 1
2025-12-27T05:33:12.407Z [INFO]: 📥 Perintah /start atau /menu diterima
2025-12-27T05:33:13.151Z [INFO]: ℹ️ User ID 6197482164 sudah ada
2025-12-27T05:33:13.961Z [INFO]: ✅ Menu utama baru dikirim untuk user 6197482164
2025-12-27T05:33:23.922Z [INFO]: Admin menu requested
2025-12-27T05:33:52.089Z [INFO]: Add saldo user process started
2025-12-27T05:34:08.565Z [INFO]: Admin menu requested
2025-12-27T05:38:08.433Z [INFO]: 📥 Perintah /start atau /menu diterima
2025-12-27T05:38:09.096Z [INFO]: ℹ️ User ID 859249044 sudah ada
2025-12-27T05:38:09.428Z [INFO]: 🧹 Menu lama user 859249044 dihapus
2025-12-27T05:38:10.163Z [INFO]: ✅ Menu utama baru dikirim untuk user 859249044
2025-12-27T05:38:13.101Z [INFO]: trial service menu sent
2025-12-27T05:38:16.059Z [INFO]: Memulai proses trial untuk ssh di halaman 1
2025-12-27T05:41:39.723Z [INFO]: 📌 Pesan dipin di chat 859249044
2025-12-27T05:41:39.723Z [INFO]: ✅ Broadcast sukses ke 859249044
2025-12-27T05:41:40.994Z [INFO]: 📌 Pesan dipin di chat 1210833546
2025-12-27T05:41:40.994Z [INFO]: ✅ Broadcast sukses ke 1210833546
2025-12-27T05:41:42.291Z [INFO]: 📌 Pesan dipin di chat 5039581855
2025-12-27T05:41:42.291Z [INFO]: ✅ Broadcast sukses ke 5039581855
2025-12-27T05:41:43.837Z [INFO]: 📌 Pesan dipin di chat 6065984416
2025-12-27T05:41:43.837Z [INFO]: ✅ Broadcast sukses ke 6065984416
2025-12-27T05:41:45.089Z [INFO]: 📌 Pesan dipin di chat 6197482164
2025-12-27T05:41:45.089Z [INFO]: ✅ Broadcast sukses ke 6197482164
2025-12-27T05:41:46.382Z [INFO]: 📌 Pesan dipin di chat 6503708777
2025-12-27T05:41:46.382Z [INFO]: ✅ Broadcast sukses ke 6503708777
2025-12-27T05:41:47.585Z [INFO]: 📌 Pesan dipin di chat 7446261712
2025-12-27T05:41:47.586Z [INFO]: ✅ Broadcast sukses ke 7446261712
2025-12-27T05:45:17.928Z [INFO]: Admin menu requested
2025-12-27T05:45:23.252Z [INFO]: 📥 Proses tambah server dimulai
2025-12-27T05:45:30.898Z [INFO]: 📩 Input teks dari 6197482164: idrw.klmpkfsvpn.me
2025-12-27T05:45:35.274Z [INFO]: 📩 Input teks dari 6197482164: 51f2fc
2025-12-27T05:45:57.000Z [INFO]: 📩 Input teks dari 6197482164: RUMAH WEB 2DEV🇮🇩
2025-12-27T05:46:01.685Z [INFO]: 📩 Input teks dari 6197482164: 200
2025-12-27T05:46:12.095Z [INFO]: 📩 Input teks dari 6197482164: 2
2025-12-27T05:46:22.409Z [INFO]: 📩 Input teks dari 6197482164: 30
2025-12-27T05:46:58.405Z [INFO]: 📩 Input teks dari 6197482164: 300
2025-12-27T05:47:03.452Z [INFO]: 📥 Perintah /start atau /menu diterima
2025-12-27T05:47:03.948Z [INFO]: ℹ️ User ID 6197482164 sudah ada
2025-12-27T05:47:04.286Z [INFO]: 🧹 Menu lama user 6197482164 dihapus
2025-12-27T05:47:05.009Z [INFO]: ✅ Menu utama baru dikirim untuk user 6197482164
2025-12-27T05:47:06.819Z [INFO]: create service menu sent
2025-12-27T05:47:08.288Z [INFO]: Memulai proses create untuk vmess di halaman 1
2025-12-27T05:47:40.131Z [INFO]: Admin menu requested
2025-12-27T05:47:58.611Z [INFO]: 📥 Proses tambah server dimulai
2025-12-27T05:48:03.980Z [INFO]: 📩 Input teks dari 6197482164: idrw.klmpkfsvpn.me
2025-12-27T05:48:09.098Z [INFO]: 📩 Input teks dari 6197482164: 51f2fc
2025-12-27T05:48:40.932Z [INFO]: 📩 Input teks dari 6197482164: RUMAH WEB 1DEV🇮🇩
2025-12-27T05:48:44.538Z [INFO]: 📩 Input teks dari 6197482164: 200
2025-12-27T05:48:47.661Z [INFO]: 📩 Input teks dari 6197482164: 1
2025-12-27T05:48:52.323Z [INFO]: 📩 Input teks dari 6197482164: 15
2025-12-27T05:49:09.356Z [INFO]: 📩 Input teks dari 6197482164: 105
2025-12-27T05:49:12.836Z [INFO]: 📥 Perintah /start atau /menu diterima
2025-12-27T05:49:13.345Z [INFO]: ℹ️ User ID 6197482164 sudah ada
2025-12-27T05:49:13.677Z [INFO]: 🧹 Menu lama user 6197482164 dihapus
2025-12-27T05:49:14.412Z [INFO]: ✅ Menu utama baru dikirim untuk user 6197482164
2025-12-27T05:49:16.519Z [INFO]: create service menu sent
2025-12-27T05:49:20.972Z [INFO]: Memulai proses create untuk trojan di halaman 1
2025-12-27T05:50:14.551Z [INFO]: 🧹 Menu lama user 6197482164 dihapus (kembali ke menu utama)
2025-12-27T05:50:15.227Z [INFO]: ℹ️ Edit message diabaikan untuk user 6197482164, kirim ulang menu baru
2025-12-27T05:50:15.597Z [INFO]: ✅ Menu utama baru dikirim untuk user 6197482164
2025-12-27T05:50:15.597Z [INFO]: ✅ Menu utama baru dikirim ke user 6197482164
2025-12-27T05:50:24.872Z [INFO]: create service menu sent
2025-12-27T05:50:26.946Z [INFO]: Memulai proses create untuk trojan di halaman 1
2025-12-27T06:01:35.018Z [INFO]: Admin menu requested
2025-12-27T06:05:53.674Z [INFO]: 📥 Proses tambah server dimulai
2025-12-27T06:06:01.639Z [INFO]: 📩 Input teks dari 6197482164: deneva.klmpkfsvpn.me
2025-12-27T06:06:06.125Z [INFO]: 📩 Input teks dari 6197482164: e56656
2025-12-27T06:07:02.737Z [INFO]: 📩 Input teks dari 6197482164: DENEVA 2DEV🇮🇩
2025-12-27T06:07:08.107Z [INFO]: 📩 Input teks dari 6197482164: 200
2025-12-27T06:07:42.727Z [INFO]: 📩 Input teks dari 6197482164: 2
2025-12-27T06:07:53.897Z [INFO]: 📩 Input teks dari 6197482164: 50
2025-12-27T06:10:18.190Z [INFO]: 📩 Input teks dari 6197482164: 354
2025-12-27T06:10:25.814Z [INFO]: Admin menu requested
2025-12-27T06:10:36.026Z [INFO]: 📥 Proses tambah server dimulai
2025-12-27T06:10:42.773Z [INFO]: 📩 Input teks dari 6197482164: deneva.klmpkfsvpn.me
2025-12-27T06:11:03.597Z [INFO]: 📩 Input teks dari 6197482164: e56656
2025-12-27T06:11:35.435Z [INFO]: 📩 Input teks dari 6197482164: DENEVA 1DEV🇮🇩
2025-12-27T06:12:12.621Z [INFO]: 📩 Input teks dari 6197482164: 200
2025-12-27T06:12:46.435Z [INFO]: 📩 Input teks dari 6197482164: 1
2025-12-27T06:13:20.862Z [INFO]: 📩 Input teks dari 6197482164: 35
2025-12-27T06:13:56.194Z [INFO]: 📩 Input teks dari 6197482164: 121
2025-12-27T06:20:40.589Z [INFO]: 📌 Pesan dipin di chat 859249044
2025-12-27T06:20:40.589Z [INFO]: ✅ Broadcast sukses ke 859249044
2025-12-27T06:20:41.834Z [INFO]: 📌 Pesan dipin di chat 1210833546
2025-12-27T06:20:41.834Z [INFO]: ✅ Broadcast sukses ke 1210833546
2025-12-27T06:20:43.077Z [INFO]: 📌 Pesan dipin di chat 5039581855
2025-12-27T06:20:43.077Z [INFO]: ✅ Broadcast sukses ke 5039581855
2025-12-27T06:20:44.298Z [INFO]: 📌 Pesan dipin di chat 6065984416
2025-12-27T06:20:44.298Z [INFO]: ✅ Broadcast sukses ke 6065984416
2025-12-27T06:20:45.495Z [INFO]: 📌 Pesan dipin di chat 6197482164
2025-12-27T06:20:45.495Z [INFO]: ✅ Broadcast sukses ke 6197482164
2025-12-27T06:20:46.692Z [INFO]: 📌 Pesan dipin di chat 6503708777
2025-12-27T06:20:46.693Z [INFO]: ✅ Broadcast sukses ke 6503708777
2025-12-27T06:20:47.924Z [INFO]: 📌 Pesan dipin di chat 7446261712
2025-12-27T06:20:47.924Z [INFO]: ✅ Broadcast sukses ke 7446261712
2025-12-27T06:21:01.934Z [INFO]: Admin menu requested
2025-12-27T06:21:04.657Z [INFO]: 📥 Perintah /start atau /menu diterima
2025-12-27T06:21:05.347Z [INFO]: ℹ️ User ID 7446261712 sudah ada
2025-12-27T06:21:06.064Z [INFO]: ✅ Menu utama baru dikirim untuk user 7446261712
2025-12-27T06:21:07.717Z [INFO]: create service menu sent
2025-12-27T06:21:10.365Z [INFO]: Memulai proses create untuk trojan di halaman 1
2025-12-27T06:21:25.680Z [INFO]: Memulai proses create untuk trojan di halaman 2
2025-12-27T07:31:16.375Z [INFO]: 📥 Perintah /start atau /menu diterima
2025-12-27T07:31:25.754Z [INFO]: 📥 Perintah /start atau /menu diterima
2025-12-27T07:31:41.641Z [INFO]: ✅ Menu utama diedit untuk user 7132765473
2025-12-27T07:42:29.603Z [INFO]: 📥 Perintah /start atau /menu diterima
2025-12-27T07:42:30.291Z [INFO]: ℹ️ User ID 6197482164 sudah ada
2025-12-27T07:42:30.809Z [INFO]: 🧹 Menu lama user 6197482164 dihapus
2025-12-27T07:42:31.557Z [INFO]: ✅ Menu utama baru dikirim untuk user 6197482164
2025-12-27T07:42:38.975Z [INFO]: create service menu sent
2025-12-27T07:42:40.572Z [INFO]: Memulai proses create untuk vmess di halaman 1
2025-12-27T07:42:58.600Z [INFO]: Memulai proses create untuk vmess di halaman 2
2025-12-27T07:43:00.682Z [INFO]: Memulai proses create untuk vmess di halaman 1
2025-12-27T07:43:07.739Z [INFO]: 🧹 Menu lama user 6197482164 dihapus (kembali ke menu utama)
2025-12-27T07:43:08.265Z [INFO]: ℹ️ Edit message diabaikan untuk user 6197482164, kirim ulang menu baru
2025-12-27T07:43:08.659Z [INFO]: ✅ Menu utama baru dikirim untuk user 6197482164
2025-12-27T07:43:08.659Z [INFO]: ✅ Menu utama baru dikirim ke user 6197482164
2025-12-27T10:13:58.961Z [INFO]: 📥 Perintah /start atau /menu diterima
2025-12-27T10:13:59.639Z [INFO]: ℹ️ User ID 859249044 sudah ada
2025-12-27T10:13:59.963Z [INFO]: 🧹 Menu lama user 859249044 dihapus
2025-12-27T10:14:00.699Z [INFO]: ✅ Menu utama baru dikirim untuk user 859249044
2025-12-27T10:14:02.248Z [INFO]: trial service menu sent
2025-12-27T10:14:03.323Z [INFO]: Memulai proses trial untuk ssh di halaman 1
2025-12-27T10:14:21.777Z [INFO]: 🧹 Menu lama user 859249044 dihapus (kembali ke menu utama)
2025-12-27T10:14:22.272Z [INFO]: ℹ️ Edit message diabaikan untuk user 859249044, kirim ulang menu baru
2025-12-27T10:14:22.714Z [INFO]: ✅ Menu utama baru dikirim untuk user 859249044
2025-12-27T10:14:22.714Z [INFO]: ✅ Menu utama baru dikirim ke user 859249044
2025-12-27T12:08:32.280Z [INFO]: 📥 Perintah /start atau /menu diterima
2025-12-27T12:08:32.957Z [INFO]: ℹ️ User ID 6503708777 sudah ada
2025-12-27T12:08:34.020Z [INFO]: ✅ Menu utama baru dikirim untuk user 6503708777
2025-12-27T12:09:32.550Z [INFO]: 📥 Perintah /start atau /menu diterima
2025-12-27T12:09:33.057Z [INFO]: ℹ️ User ID 6503708777 sudah ada
2025-12-27T12:09:33.391Z [INFO]: 🧹 Menu lama user 6503708777 dihapus
2025-12-27T12:09:34.337Z [INFO]: ✅ Menu utama baru dikirim untuk user 6503708777
2025-12-27T12:09:37.975Z [INFO]: trial service menu sent
2025-12-27T12:09:39.271Z [INFO]: Memulai proses trial untuk ssh di halaman 1
2025-12-27T12:09:50.997Z [INFO]: Memulai proses trial untuk ssh di halaman 2
2025-12-27T12:09:54.371Z [INFO]: Memulai proses trial untuk ssh di halaman 1
2025-12-27T12:09:59.140Z [INFO]: Memulai proses trial untuk ssh di halaman 2
2025-12-27T12:10:06.035Z [ERROR]: ❌ Axios.get error: AxiosError: Request failed with status code 403
    at settle (/root/BotVPN2/node_modules/axios/dist/node/axios.cjs:2106:12)
    at IncomingMessage.handleStreamEnd (/root/BotVPN2/node_modules/axios/dist/node/axios.cjs:3491:11)
    at IncomingMessage.emit (node:events:536:35)
    at endReadableNT (node:internal/streams/readable:1698:12)
    at process.processTicksAndRejections (node:internal/process/task_queues:82:21)
    at Axios.request (/root/BotVPN2/node_modules/axios/dist/node/axios.cjs:4731:41)
    at process.processTicksAndRejections (node:internal/process/task_queues:95:5)
    at async axios.get (/root/BotVPN2/app.js:6273:16)
2025-12-27T12:10:10.025Z [ERROR]: ❌ Axios.get error: AxiosError: Request failed with status code 403
    at settle (/root/BotVPN2/node_modules/axios/dist/node/axios.cjs:2106:12)
    at IncomingMessage.handleStreamEnd (/root/BotVPN2/node_modules/axios/dist/node/axios.cjs:3491:11)
    at IncomingMessage.emit (node:events:536:35)
    at endReadableNT (node:internal/streams/readable:1698:12)
    at process.processTicksAndRejections (node:internal/process/task_queues:82:21)
    at Axios.request (/root/BotVPN2/node_modules/axios/dist/node/axios.cjs:4731:41)
    at process.processTicksAndRejections (node:internal/process/task_queues:95:5)
    at async axios.get (/root/BotVPN2/app.js:6273:16)
2025-12-27T12:10:11.971Z [INFO]: Memulai proses trial untuk ssh di halaman 1
2025-12-27T12:10:38.096Z [INFO]: 📥 Perintah /start atau /menu diterima
2025-12-27T12:11:05.860Z [INFO]: ✅ Menu utama diedit untuk user 8575036911
2025-12-27T12:11:07.723Z [INFO]: trial service menu sent
2025-12-27T12:11:09.091Z [INFO]: Memulai proses trial untuk ssh di halaman 1
2025-12-27T12:11:12.221Z [INFO]: 🧹 Menu lama user 8575036911 dihapus (kembali ke menu utama)
2025-12-27T12:11:12.746Z [INFO]: ℹ️ Edit message diabaikan untuk user 8575036911, kirim ulang menu baru
2025-12-27T12:11:13.118Z [INFO]: ✅ Menu utama baru dikirim untuk user 8575036911
2025-12-27T12:11:13.118Z [INFO]: ✅ Menu utama baru dikirim ke user 8575036911
2025-12-27T12:11:18.774Z [INFO]: trial service menu sent
2025-12-27T12:11:20.246Z [INFO]: Memulai proses trial untuk vmess di halaman 1
2025-12-27T12:11:35.491Z [INFO]: Memulai proses trial untuk vmess di halaman 2
2025-12-27T12:11:38.009Z [INFO]: Memulai proses trial untuk vmess di halaman 1
2025-12-27T12:11:49.071Z [INFO]: 🧹 Menu lama user 8575036911 dihapus (kembali ke menu utama)
2025-12-27T12:11:49.569Z [INFO]: ℹ️ Edit message diabaikan untuk user 8575036911, kirim ulang menu baru
2025-12-27T12:11:49.940Z [INFO]: ✅ Menu utama baru dikirim untuk user 8575036911
2025-12-27T12:11:49.940Z [INFO]: ✅ Menu utama baru dikirim ke user 8575036911
2025-12-27T12:11:54.879Z [INFO]: trial service menu sent
2025-12-27T12:11:56.586Z [INFO]: Memulai proses trial untuk ssh di halaman 1
2025-12-27T13:16:36.658Z [INFO]: 📥 Perintah /start atau /menu diterima
2025-12-27T13:16:37.522Z [INFO]: ℹ️ User ID 6197482164 sudah ada
2025-12-27T13:16:38.259Z [INFO]: 🧹 Menu lama user 6197482164 dihapus
2025-12-27T13:16:38.999Z [INFO]: ✅ Menu utama baru dikirim untuk user 6197482164
2025-12-27T13:16:45.530Z [INFO]: trial service menu sent
2025-12-27T13:16:46.704Z [INFO]: Memulai proses trial untuk ssh di halaman 1
2025-12-27T13:16:57.514Z [INFO]: Memulai proses trial untuk ssh di halaman 2
2025-12-27T13:17:00.788Z [INFO]: Memulai proses trial untuk ssh di halaman 1
2025-12-27T13:17:08.938Z [INFO]: 🧹 Menu lama user 6197482164 dihapus (kembali ke menu utama)
2025-12-27T13:17:09.444Z [INFO]: ℹ️ Edit message diabaikan untuk user 6197482164, kirim ulang menu baru
2025-12-27T13:17:09.818Z [INFO]: ✅ Menu utama baru dikirim untuk user 6197482164
2025-12-27T13:17:09.818Z [INFO]: ✅ Menu utama baru dikirim ke user 6197482164
2025-12-27T17:46:38.995Z [INFO]: 📥 Perintah /start atau /menu diterima
2025-12-27T17:46:39.835Z [INFO]: ℹ️ User ID 6197482164 sudah ada
2025-12-27T17:46:40.354Z [INFO]: 🧹 Menu lama user 6197482164 dihapus
2025-12-27T17:46:41.225Z [INFO]: ✅ Menu utama baru dikirim untuk user 6197482164
2025-12-27T19:10:33.837Z [INFO]: 📥 Perintah /start atau /menu diterima
2025-12-27T19:11:22.772Z [INFO]: ✅ Menu utama diedit untuk user 7102577443
2025-12-27T19:11:57.046Z [INFO]: create service menu sent
2025-12-27T19:11:59.429Z [INFO]: Memulai proses create untuk vmess di halaman 1
2025-12-27T19:12:09.115Z [INFO]: Memulai proses create untuk vmess di halaman 2
2025-12-27T19:12:14.914Z [INFO]: 🧹 Menu lama user 7102577443 dihapus (kembali ke menu utama)
2025-12-27T19:12:15.436Z [INFO]: ℹ️ Edit message diabaikan untuk user 7102577443, kirim ulang menu baru
2025-12-27T19:12:15.804Z [INFO]: ✅ Menu utama baru dikirim untuk user 7102577443
2025-12-27T19:12:15.804Z [INFO]: ✅ Menu utama baru dikirim ke user 7102577443
2025-12-27T19:12:19.225Z [INFO]: trial service menu sent
2025-12-27T19:12:21.149Z [INFO]: Memulai proses trial untuk vmess di halaman 1
2025-12-27T19:13:06.373Z [INFO]: 📥 Perintah /start atau /menu diterima
2025-12-27T19:13:06.922Z [INFO]: ✅ User ID 7102577443 berhasil disimpan
2025-12-27T19:13:07.262Z [INFO]: 🧹 Menu lama user 7102577443 dihapus
2025-12-27T19:13:07.987Z [INFO]: ✅ Menu utama baru dikirim untuk user 7102577443
2025-12-27T19:13:29.134Z [INFO]: trial service menu sent
2025-12-27T19:13:32.046Z [INFO]: Memulai proses trial untuk vmess di halaman 1
2025-12-27T19:13:34.049Z [INFO]: Memulai proses trial untuk vmess di halaman 2
2025-12-27T19:13:36.385Z [INFO]: Memulai proses trial untuk vmess di halaman 1
2025-12-27T20:55:30.561Z [INFO]: 📥 Perintah /start atau /menu diterima
2025-12-27T20:55:47.568Z [INFO]: 📥 Perintah /start atau /menu diterima
2025-12-27T20:55:48.081Z [INFO]: ✅ User ID 6552411421 berhasil disimpan
2025-12-27T20:55:48.795Z [INFO]: ✅ Menu utama baru dikirim untuk user 6552411421
2025-12-27T20:55:56.653Z [INFO]: create service menu sent
2025-12-27T20:56:00.122Z [INFO]: Memulai proses create untuk ssh di halaman 1
2025-12-27T22:00:17.127Z [INFO]: Bot initialized
2025-12-27T22:00:17.129Z [INFO]: User state initialized
2025-12-27T22:00:17.138Z [INFO]: Express server listening on port 50123
2025-12-27T22:00:17.219Z [INFO]: ✅ Terhubung ke SQLite3
2025-12-27T22:00:17.224Z [INFO]: ✅ Tabel bonus_config siap
2025-12-27T22:00:17.225Z [INFO]: Pending deposit loaded:
2025-12-27T22:00:17.227Z [INFO]: ✅ Default bonus_config dijamin ada
2025-12-27T22:00:17.227Z [INFO]: ✅ Tabel bonus_log siap
2025-12-27T22:00:17.227Z [INFO]: ✅ Tabel pending_deposits siap
2025-12-27T22:00:17.228Z [INFO]: ✅ Tabel log_penjualan siap
2025-12-27T22:00:17.229Z [INFO]: ✅ Tabel unlimited_trial_users siap
2025-12-27T22:00:17.229Z [INFO]: ✅ Tabel ui_config siap
2025-12-27T22:00:17.230Z [INFO]: ✅ Default ui_config dijamin ada
2025-12-27T22:00:17.230Z [INFO]: ℹ️ Kolom show_sewa_script_button sudah tersedia di ui_config
2025-12-27T22:00:17.231Z [INFO]: ✅ Tabel reseller_config siap
2025-12-27T22:00:17.231Z [INFO]: ✅ Default reseller_config dijamin ada
2025-12-27T22:00:17.232Z [INFO]: ✅ Tabel topup_log siap
2025-12-27T22:00:17.232Z [INFO]: Server table created or already exists
2025-12-27T22:00:17.237Z [INFO]: Users table created or already exists
2025-12-28T03:41:14.933Z [INFO]: 📥 Perintah /start atau /menu diterima
2025-12-28T03:41:15.644Z [INFO]: ℹ️ User ID 6197482164 sudah ada
2025-12-28T03:41:16.458Z [INFO]: ✅ Menu utama baru dikirim untuk user 6197482164
2025-12-28T03:46:37.684Z [INFO]: create service menu sent
2025-12-28T03:46:44.532Z [INFO]: Memulai proses create untuk ssh di halaman 1
2025-12-28T03:47:04.695Z [INFO]: 📩 Input teks dari 6197482164: Gprus4
2025-12-28T03:47:11.563Z [INFO]: 📩 Input teks dari 6197482164: Skdoech2
2025-12-28T03:47:15.571Z [INFO]: 📩 Input teks dari 6197482164: 30
2025-12-28T03:47:15.939Z [INFO]: Mencoba create ssh untuk user 6197482164 di server RUMAH WEB 2DEV🇮🇩
2025-12-28T03:47:23.519Z [INFO]: ✅ Aksi Buat Akun ssh berhasil untuk user 6197482164.
2025-12-28T03:47:23.871Z [INFO]: ✅ Saldo Rp9000 berhasil dikurangi untuk user 6197482164 (Buat Akun ssh)
2025-12-28T03:47:23.877Z [INFO]: ✅ Log penjualan dicatat: 6197482164 - ssh - create - Rp9000 - Role: member
2025-12-28T03:47:25.130Z [INFO]: ✅ Log transaksi #9 dikirim ke grup -1002076809846
2025-12-28T03:47:25.130Z [INFO]: ✅ afterAccountTransaction selesai untuk user 6197482164, transaksi #9
2025-12-28T07:43:39.422Z [INFO]: 📥 Perintah /start atau /menu diterima
2025-12-28T07:43:40.106Z [INFO]: ℹ️ User ID 6197482164 sudah ada
2025-12-28T07:43:40.629Z [INFO]: 🧹 Menu lama user 6197482164 dihapus
2025-12-28T07:43:41.379Z [INFO]: ✅ Menu utama baru dikirim untuk user 6197482164
2025-12-28T07:44:08.951Z [INFO]: 📌 Pesan dipin di chat 859249044
2025-12-28T07:44:08.951Z [INFO]: ✅ Broadcast sukses ke 859249044
2025-12-28T07:44:10.235Z [INFO]: 📌 Pesan dipin di chat 1210833546
2025-12-28T07:44:10.236Z [INFO]: ✅ Broadcast sukses ke 1210833546
2025-12-28T07:44:11.478Z [INFO]: 📌 Pesan dipin di chat 5039581855
2025-12-28T07:44:11.478Z [INFO]: ✅ Broadcast sukses ke 5039581855
2025-12-28T07:44:12.759Z [INFO]: 📌 Pesan dipin di chat 6065984416
2025-12-28T07:44:12.759Z [INFO]: ✅ Broadcast sukses ke 6065984416
2025-12-28T07:44:14.012Z [INFO]: 📌 Pesan dipin di chat 6197482164
2025-12-28T07:44:14.012Z [INFO]: ✅ Broadcast sukses ke 6197482164
2025-12-28T07:44:15.282Z [INFO]: 📌 Pesan dipin di chat 6503708777
2025-12-28T07:44:15.282Z [INFO]: ✅ Broadcast sukses ke 6503708777
2025-12-28T07:44:16.523Z [INFO]: 📌 Pesan dipin di chat 6552411421
2025-12-28T07:44:16.523Z [INFO]: ✅ Broadcast sukses ke 6552411421
2025-12-28T07:44:17.769Z [INFO]: 📌 Pesan dipin di chat 7102577443
2025-12-28T07:44:17.770Z [INFO]: ✅ Broadcast sukses ke 7102577443
2025-12-28T07:44:19.009Z [INFO]: 📌 Pesan dipin di chat 7446261712
2025-12-28T07:44:19.009Z [INFO]: ✅ Broadcast sukses ke 7446261712
2025-12-28T07:49:15.172Z [INFO]: 📩 Input teks dari 1087968824: 🔥 EVENT SPECIAL YEAR DEAL! 🔥
EVENT UMUM SEMUA BISA IKUT🥳
EVENT BERLAKU S/D 28 DESEMBER 2025
Tunggu apa lagi gas ikutan bangkuh nanti nyesel Lo gak ikut🤗

Ayo ikut Event Sebar Link Bot [@nznxajivpn_bot](https://t.me/nznxajivpn_bot) dengan hashtag:
#TIEMFAN #KLMPKFS #VPNMURAH

💰 Cuma sebar link, langsung dapat reward!

✨ Hadiah Event:
📌 Sebar ke 6 Grup → Saldo Bot 15K
📌 Sebar ke 15 Grup → Saldo Bot 35K
📌 Sebar ke 30 Grup → Akses Reseller + Unlimited Trial + Saldo Bot 22K
📌 Sebar ke 50 Grup → Akses Reseller + Unlimited Trial + Saldo Bot 40K

📸 Setelah sebar, kirim bukti screenshot ke admin: @AJW29
✅Admin : wa.me/6287898083051

💥 Semakin banyak sebar link, semakin besar hadiahnya!
Gaskeun sebelum event berakhir! 🔥🔥
2025-12-28T07:56:20.503Z [INFO]: 📥 Perintah /start atau /menu diterima
2025-12-28T07:56:21.203Z [INFO]: ℹ️ User ID 7446261712 sudah ada
2025-12-28T07:56:22.146Z [INFO]: ✅ Menu utama baru dikirim untuk user 7446261712
2025-12-28T07:58:51.546Z [INFO]: 📥 Perintah /start atau /menu diterima
2025-12-28T07:59:01.998Z [INFO]: ✅ Menu utama diedit untuk user 8307841425
2025-12-28T07:59:14.501Z [INFO]: trial service menu sent
2025-12-28T07:59:16.143Z [INFO]: Memulai proses trial untuk ssh di halaman 1
2025-12-28T08:05:52.051Z [INFO]: 📥 Perintah /start atau /menu diterima
2025-12-28T08:06:00.436Z [INFO]: ✅ Menu utama diedit untuk user 6246224358
2025-12-28T08:06:06.816Z [INFO]: create service menu sent
2025-12-28T08:06:08.007Z [INFO]: Memulai proses create untuk ssh di halaman 1
2025-12-28T08:06:46.563Z [INFO]: 🧹 Menu lama user 6246224358 dihapus (kembali ke menu utama)
2025-12-28T08:06:47.087Z [INFO]: ℹ️ Edit message diabaikan untuk user 6246224358, kirim ulang menu baru
2025-12-28T08:06:47.494Z [INFO]: ✅ Menu utama baru dikirim untuk user 6246224358
2025-12-28T08:06:47.494Z [INFO]: ✅ Menu utama baru dikirim ke user 6246224358
2025-12-28T08:10:54.606Z [INFO]: Memulai proses trial untuk ssh di halaman 2
2025-12-28T08:11:00.953Z [INFO]: Memulai proses trial untuk ssh di halaman 1
2025-12-28T08:11:04.891Z [INFO]: 🧹 Menu lama user 8307841425 dihapus (kembali ke menu utama)
2025-12-28T08:11:05.619Z [INFO]: ℹ️ Edit message diabaikan untuk user 8307841425, kirim ulang menu baru
2025-12-28T08:11:05.995Z [INFO]: ✅ Menu utama baru dikirim untuk user 8307841425
2025-12-28T08:11:05.995Z [INFO]: ✅ Menu utama baru dikirim ke user 8307841425
2025-12-28T08:11:06.166Z [INFO]: 📥 Perintah /start atau /menu diterima
2025-12-28T08:11:06.687Z [INFO]: ✅ User ID 8307841425 berhasil disimpan
2025-12-28T08:11:07.028Z [INFO]: 🧹 Menu lama user 8307841425 dihapus
2025-12-28T08:11:07.580Z [INFO]: ✅ Menu utama baru dikirim untuk user 8307841425
2025-12-28T08:11:51.562Z [INFO]: 📥 Perintah /start atau /menu diterima
2025-12-28T08:11:52.074Z [INFO]: ℹ️ User ID 7446261712 sudah ada
2025-12-28T08:11:52.440Z [INFO]: 🧹 Menu lama user 7446261712 dihapus
2025-12-28T08:11:53.121Z [INFO]: ✅ Menu utama baru dikirim untuk user 7446261712
2025-12-28T08:12:01.482Z [INFO]: Admin menu requested
2025-12-28T08:12:13.802Z [INFO]: Admin menu requested
2025-12-28T08:12:33.074Z [INFO]: Add saldo user process started
2025-12-28T08:13:04.967Z [INFO]: User 6197482164 memilih untuk menambahkan saldo user dengan ID: 10
2025-12-28T08:14:44.214Z [INFO]: renew service menu sent
2025-12-28T08:14:46.435Z [INFO]: 🧹 Menu lama user 8307841425 dihapus (kembali ke menu utama)
2025-12-28T08:14:47.134Z [INFO]: ℹ️ Edit message diabaikan untuk user 8307841425, kirim ulang menu baru
2025-12-28T08:14:47.497Z [INFO]: ✅ Menu utama baru dikirim untuk user 8307841425
2025-12-28T08:14:47.497Z [INFO]: ✅ Menu utama baru dikirim ke user 8307841425
2025-12-28T08:14:49.673Z [INFO]: 📥 Perintah /start atau /menu diterima
2025-12-28T08:14:50.173Z [INFO]: ℹ️ User ID 8307841425 sudah ada
2025-12-28T08:14:50.511Z [INFO]: 🧹 Menu lama user 8307841425 dihapus
2025-12-28T08:14:51.048Z [INFO]: ✅ Menu utama baru dikirim untuk user 8307841425
2025-12-28T08:17:47.441Z [INFO]: 📥 Perintah /start atau /menu diterima
2025-12-28T08:17:47.952Z [INFO]: ℹ️ User ID 6197482164 sudah ada
2025-12-28T08:17:48.321Z [INFO]: 🧹 Menu lama user 6197482164 dihapus
2025-12-28T08:17:49.035Z [INFO]: ✅ Menu utama baru dikirim untuk user 6197482164
2025-12-28T08:18:18.607Z [INFO]: 📥 Perintah /start atau /menu diterima
2025-12-28T08:19:56.758Z [INFO]: ✅ Menu utama diedit untuk user 6148240973
2025-12-28T08:20:36.783Z [INFO]: trial service menu sent
2025-12-28T08:20:41.683Z [INFO]: Memulai proses trial untuk ssh di halaman 1
2025-12-28T08:20:47.330Z [INFO]: 🧹 Menu lama user 6246224358 dihapus (kembali ke menu utama)
2025-12-28T08:20:47.829Z [INFO]: ℹ️ Edit message diabaikan untuk user 6246224358, kirim ulang menu baru
2025-12-28T08:20:48.205Z [INFO]: ✅ Menu utama baru dikirim untuk user 6246224358
2025-12-28T08:20:48.206Z [INFO]: ✅ Menu utama baru dikirim ke user 6246224358
2025-12-28T08:20:48.597Z [INFO]: 📥 Perintah /start atau /menu diterima
2025-12-28T08:20:49.133Z [INFO]: ✅ User ID 6246224358 berhasil disimpan
2025-12-28T08:20:49.471Z [INFO]: 🧹 Menu lama user 6246224358 dihapus
2025-12-28T08:20:50.087Z [INFO]: ✅ Menu utama baru dikirim untuk user 6246224358
2025-12-28T08:21:05.315Z [INFO]: sewascript service menu sent
2025-12-28T08:21:15.854Z [INFO]: sewascript service menu sent
2025-12-28T08:21:18.293Z [INFO]: ✅ Menu utama diedit untuk user 6246224358
2025-12-28T08:21:18.294Z [INFO]: ✅ Menu utama baru dikirim ke user 6246224358
2025-12-28T08:21:23.081Z [INFO]: 📥 Perintah /start atau /menu diterima
2025-12-28T08:21:26.774Z [INFO]: create service menu sent
2025-12-28T08:21:28.364Z [INFO]: 🧹 Menu lama user 6246224358 dihapus (kembali ke menu utama)
2025-12-28T08:21:28.863Z [INFO]: ℹ️ Edit message diabaikan untuk user 6246224358, kirim ulang menu baru
2025-12-28T08:21:29.233Z [INFO]: ✅ Menu utama baru dikirim untuk user 6246224358
2025-12-28T08:21:29.233Z [INFO]: ✅ Menu utama baru dikirim ke user 6246224358
2025-12-28T08:21:34.693Z [INFO]: trial service menu sent
2025-12-28T08:21:35.550Z [INFO]: Memulai proses trial untuk ssh di halaman 1
2025-12-28T08:21:39.104Z [INFO]: 📥 Perintah /start atau /menu diterima
2025-12-28T08:21:50.001Z [INFO]: 📥 Perintah /start atau /menu diterima
2025-12-28T08:26:30.387Z [INFO]: 📥 Perintah /start atau /menu diterima
2025-12-28T08:26:47.439Z [INFO]: ✅ Menu utama diedit untuk user 7216147603
2025-12-28T08:26:58.511Z [INFO]: 📥 Perintah /start atau /menu diterima
2025-12-28T08:26:59.034Z [INFO]: ℹ️ User ID 6246224358 sudah ada
2025-12-28T08:26:59.381Z [INFO]: 🧹 Menu lama user 6246224358 dihapus
2025-12-28T08:26:59.997Z [INFO]: ✅ Menu utama baru dikirim untuk user 6246224358
2025-12-28T08:27:00.535Z [INFO]: create service menu sent
2025-12-28T08:27:07.747Z [INFO]: Memulai proses create untuk ssh di halaman 1
2025-12-28T08:27:29.381Z [INFO]: Memulai proses create untuk ssh di halaman 2
2025-12-28T08:28:46.747Z [INFO]: 📥 Perintah /start atau /menu diterima
2025-12-28T08:29:46.081Z [INFO]: ✅ Menu utama diedit untuk user 8515791037
2025-12-28T08:33:52.725Z [INFO]: 📥 Perintah /start atau /menu diterima
2025-12-28T08:33:53.341Z [INFO]: ℹ️ User ID 6197482164 sudah ada
2025-12-28T08:33:53.706Z [INFO]: 🧹 Menu lama user 6197482164 dihapus
2025-12-28T08:33:54.479Z [INFO]: ✅ Menu utama baru dikirim untuk user 6197482164
2025-12-28T08:34:27.151Z [INFO]: Admin menu requested
2025-12-28T08:34:33.346Z [INFO]: 📥 Perintah /start atau /menu diterima
2025-12-28T08:34:33.846Z [INFO]: ✅ User ID 6202490359 berhasil disimpan
2025-12-28T08:34:34.383Z [INFO]: ✅ Menu utama baru dikirim untuk user 6202490359
2025-12-28T08:35:12.964Z [INFO]: create service menu sent
2025-12-28T08:35:14.953Z [INFO]: Memulai proses create untuk vmess di halaman 1
2025-12-28T08:35:20.707Z [INFO]: Memulai proses create untuk vmess di halaman 2
2025-12-28T08:35:33.676Z [INFO]: 📌 Pesan dipin di chat 859249044
2025-12-28T08:35:33.676Z [INFO]: ✅ Broadcast sukses ke 859249044
2025-12-28T08:35:34.934Z [INFO]: 📌 Pesan dipin di chat 1210833546
2025-12-28T08:35:34.934Z [INFO]: ✅ Broadcast sukses ke 1210833546
2025-12-28T08:35:36.237Z [INFO]: 📌 Pesan dipin di chat 5039581855
2025-12-28T08:35:36.237Z [INFO]: ✅ Broadcast sukses ke 5039581855
2025-12-28T08:35:37.509Z [INFO]: 📌 Pesan dipin di chat 6065984416
2025-12-28T08:35:37.510Z [INFO]: ✅ Broadcast sukses ke 6065984416
2025-12-28T08:35:38.829Z [INFO]: 📌 Pesan dipin di chat 6197482164
2025-12-28T08:35:38.829Z [INFO]: ✅ Broadcast sukses ke 6197482164
2025-12-28T08:35:40.087Z [INFO]: 📌 Pesan dipin di chat 6202490359
2025-12-28T08:35:40.088Z [INFO]: ✅ Broadcast sukses ke 6202490359
2025-12-28T08:35:40.243Z [INFO]: Memulai proses create untuk vmess di halaman 1
2025-12-28T08:35:41.777Z [INFO]: 📌 Pesan dipin di chat 6246224358
2025-12-28T08:35:41.777Z [INFO]: ✅ Broadcast sukses ke 6246224358
2025-12-28T08:35:42.997Z [INFO]: 📌 Pesan dipin di chat 6503708777
2025-12-28T08:35:42.997Z [INFO]: ✅ Broadcast sukses ke 6503708777
2025-12-28T08:35:44.206Z [INFO]: 📌 Pesan dipin di chat 6552411421
2025-12-28T08:35:44.206Z [INFO]: ✅ Broadcast sukses ke 6552411421
2025-12-28T08:35:45.417Z [INFO]: 📌 Pesan dipin di chat 7102577443
2025-12-28T08:35:45.417Z [INFO]: ✅ Broadcast sukses ke 7102577443
2025-12-28T08:35:46.563Z [INFO]: Memulai proses create untuk vmess di halaman 2
2025-12-28T08:35:46.654Z [INFO]: 📌 Pesan dipin di chat 7446261712
2025-12-28T08:35:46.654Z [INFO]: ✅ Broadcast sukses ke 7446261712
2025-12-28T08:35:47.908Z [INFO]: 📌 Pesan dipin di chat 8307841425
2025-12-28T08:35:47.909Z [INFO]: ✅ Broadcast sukses ke 8307841425
2025-12-28T08:35:51.259Z [INFO]: 🧹 Menu lama user 6202490359 dihapus (kembali ke menu utama)
2025-12-28T08:35:51.949Z [INFO]: ℹ️ Edit message diabaikan untuk user 6202490359, kirim ulang menu baru
2025-12-28T08:35:52.361Z [INFO]: ✅ Menu utama baru dikirim untuk user 6202490359
2025-12-28T08:35:52.361Z [INFO]: ✅ Menu utama baru dikirim ke user 6202490359
2025-12-28T08:35:56.571Z [INFO]: create service menu sent
2025-12-28T08:35:56.733Z [INFO]: 📥 Perintah /start atau /menu diterima
2025-12-28T08:35:57.394Z [INFO]: ℹ️ User ID 5039581855 sudah ada
2025-12-28T08:35:57.936Z [INFO]: ✅ Menu utama baru dikirim untuk user 5039581855
2025-12-28T08:36:04.136Z [INFO]: Memulai proses create untuk vmess di halaman 1
2025-12-28T08:36:22.671Z [INFO]: Memulai proses create untuk vmess di halaman 2
2025-12-28T08:36:26.066Z [INFO]: 📌 Pesan dipin di chat 859249044
2025-12-28T08:36:26.066Z [INFO]: ✅ Broadcast sukses ke 859249044
2025-12-28T08:36:27.320Z [INFO]: 📌 Pesan dipin di chat 1210833546
2025-12-28T08:36:27.320Z [INFO]: ✅ Broadcast sukses ke 1210833546
2025-12-28T08:36:28.551Z [INFO]: 📌 Pesan dipin di chat 5039581855
2025-12-28T08:36:28.551Z [INFO]: ✅ Broadcast sukses ke 5039581855
2025-12-28T08:36:29.801Z [INFO]: 📌 Pesan dipin di chat 6065984416
2025-12-28T08:36:29.801Z [INFO]: ✅ Broadcast sukses ke 6065984416
2025-12-28T08:36:31.017Z [INFO]: 📌 Pesan dipin di chat 6197482164
2025-12-28T08:36:31.017Z [INFO]: ✅ Broadcast sukses ke 6197482164
2025-12-28T08:36:32.234Z [INFO]: 📌 Pesan dipin di chat 6202490359
2025-12-28T08:36:32.234Z [INFO]: ✅ Broadcast sukses ke 6202490359
2025-12-28T08:36:33.465Z [INFO]: 📌 Pesan dipin di chat 6246224358
2025-12-28T08:36:33.465Z [INFO]: ✅ Broadcast sukses ke 6246224358
2025-12-28T08:36:34.717Z [INFO]: 📌 Pesan dipin di chat 6503708777
2025-12-28T08:36:34.717Z [INFO]: ✅ Broadcast sukses ke 6503708777
2025-12-28T08:36:35.931Z [INFO]: 📌 Pesan dipin di chat 6552411421
2025-12-28T08:36:35.932Z [INFO]: ✅ Broadcast sukses ke 6552411421
2025-12-28T08:36:37.262Z [INFO]: 📌 Pesan dipin di chat 7102577443
2025-12-28T08:36:37.262Z [INFO]: ✅ Broadcast sukses ke 7102577443
2025-12-28T08:36:38.470Z [INFO]: 📌 Pesan dipin di chat 7446261712
2025-12-28T08:36:38.470Z [INFO]: ✅ Broadcast sukses ke 7446261712
2025-12-28T08:36:39.959Z [INFO]: 📌 Pesan dipin di chat 8307841425
2025-12-28T08:36:39.959Z [INFO]: ✅ Broadcast sukses ke 8307841425
2025-12-28T08:36:49.909Z [INFO]: 📌 Pesan dipin di chat 859249044
2025-12-28T08:36:49.909Z [INFO]: ✅ Broadcast sukses ke 859249044
2025-12-28T08:36:51.137Z [INFO]: 📌 Pesan dipin di chat 1210833546
2025-12-28T08:36:51.137Z [INFO]: ✅ Broadcast sukses ke 1210833546
2025-12-28T08:36:52.350Z [INFO]: 📌 Pesan dipin di chat 5039581855
2025-12-28T08:36:52.350Z [INFO]: ✅ Broadcast sukses ke 5039581855
2025-12-28T08:36:53.576Z [INFO]: 📌 Pesan dipin di chat 6065984416
2025-12-28T08:36:53.576Z [INFO]: ✅ Broadcast sukses ke 6065984416
2025-12-28T08:36:54.792Z [INFO]: 📌 Pesan dipin di chat 6197482164
2025-12-28T08:36:54.793Z [INFO]: ✅ Broadcast sukses ke 6197482164
2025-12-28T08:36:55.994Z [INFO]: 📌 Pesan dipin di chat 6202490359
2025-12-28T08:36:55.994Z [INFO]: ✅ Broadcast sukses ke 6202490359
2025-12-28T08:36:57.285Z [INFO]: 📌 Pesan dipin di chat 6246224358
2025-12-28T08:36:57.285Z [INFO]: ✅ Broadcast sukses ke 6246224358
2025-12-28T08:36:58.511Z [INFO]: 📌 Pesan dipin di chat 6503708777
2025-12-28T08:36:58.511Z [INFO]: ✅ Broadcast sukses ke 6503708777
2025-12-28T08:36:59.706Z [INFO]: 📌 Pesan dipin di chat 6552411421
2025-12-28T08:36:59.706Z [INFO]: ✅ Broadcast sukses ke 6552411421
2025-12-28T08:37:00.948Z [INFO]: 📌 Pesan dipin di chat 7102577443
2025-12-28T08:37:00.949Z [INFO]: ✅ Broadcast sukses ke 7102577443
2025-12-28T08:37:02.155Z [INFO]: 📌 Pesan dipin di chat 7446261712
2025-12-28T08:37:02.155Z [INFO]: ✅ Broadcast sukses ke 7446261712
2025-12-28T08:37:03.401Z [INFO]: 📌 Pesan dipin di chat 8307841425
2025-12-28T08:37:03.401Z [INFO]: ✅ Broadcast sukses ke 8307841425
2025-12-28T08:37:14.225Z [INFO]: Memulai proses create untuk vmess di halaman 1
2025-12-28T08:37:50.286Z [INFO]: 🧹 Menu lama user 6202490359 dihapus (kembali ke menu utama)
2025-12-28T08:37:50.963Z [INFO]: ℹ️ Edit message diabaikan untuk user 6202490359, kirim ulang menu baru
2025-12-28T08:37:51.334Z [INFO]: ✅ Menu utama baru dikirim untuk user 6202490359
2025-12-28T08:37:51.334Z [INFO]: ✅ Menu utama baru dikirim ke user 6202490359
2025-12-28T08:37:58.814Z [INFO]: renew service menu sent
2025-12-28T08:38:00.830Z [INFO]: Memulai proses renew untuk vmess di halaman 1
2025-12-28T08:38:35.348Z [INFO]: 📥 Perintah /start atau /menu diterima
2025-12-28T08:38:35.844Z [INFO]: ℹ️ User ID 6246224358 sudah ada
2025-12-28T08:38:36.320Z [INFO]: 🧹 Menu lama user 6246224358 dihapus
2025-12-28T08:38:36.929Z [INFO]: ✅ Menu utama baru dikirim untuk user 6246224358
2025-12-28T08:38:43.259Z [INFO]: create service menu sent
2025-12-28T08:38:44.059Z [INFO]: Memulai proses create untuk ssh di halaman 1
2025-12-28T08:43:32.477Z [INFO]: 📥 Perintah /start atau /menu diterima
2025-12-28T08:43:32.972Z [INFO]: ℹ️ User ID 6197482164 sudah ada
2025-12-28T08:43:33.327Z [INFO]: 🧹 Menu lama user 6197482164 dihapus
2025-12-28T08:43:34.144Z [INFO]: ✅ Menu utama baru dikirim untuk user 6197482164
2025-12-28T08:43:38.026Z [INFO]: Admin menu requested
2025-12-28T08:43:43.263Z [INFO]: Add saldo user process started
2025-12-28T08:44:33.658Z [INFO]: Admin menu requested
2025-12-28T08:44:39.933Z [INFO]: Add saldo user process started
2025-12-28T08:46:03.857Z [INFO]: Admin menu requested
2025-12-28T08:47:22.227Z [INFO]: Admin menu requested
2025-12-28T08:47:26.749Z [INFO]: Add saldo user process started
2025-12-28T08:48:41.299Z [INFO]: create service menu sent
2025-12-28T08:49:00.600Z [INFO]: 🧹 Menu lama user 6202490359 dihapus (kembali ke menu utama)
2025-12-28T08:49:01.282Z [INFO]: ℹ️ Edit message diabaikan untuk user 6202490359, kirim ulang menu baru
2025-12-28T08:49:01.649Z [INFO]: ✅ Menu utama baru dikirim untuk user 6202490359
2025-12-28T08:49:01.650Z [INFO]: ✅ Menu utama baru dikirim ke user 6202490359
2025-12-28T08:50:26.201Z [INFO]: Admin menu requested
2025-12-28T08:50:32.135Z [INFO]: 📥 Perintah /start atau /menu diterima
2025-12-28T08:50:32.733Z [INFO]: ℹ️ User ID 6197482164 sudah ada
2025-12-28T08:50:33.063Z [INFO]: 🧹 Menu lama user 6197482164 dihapus
2025-12-28T08:50:33.783Z [INFO]: ✅ Menu utama baru dikirim untuk user 6197482164
2025-12-28T08:50:40.463Z [INFO]: Admin menu requested
2025-12-28T08:51:00.106Z [INFO]: Add saldo user process started
2025-12-28T08:52:22.664Z [INFO]: trial service menu sent
2025-12-28T08:52:26.233Z [INFO]: Memulai proses trial untuk vmess di halaman 1
2025-12-28T08:52:53.723Z [INFO]: 📥 Perintah /start atau /menu diterima
2025-12-28T08:52:55.697Z [INFO]: 📥 Perintah /start atau /menu diterima
2025-12-28T08:53:30.189Z [INFO]: ✅ Menu utama diedit untuk user 7860236470
2025-12-28T08:53:42.582Z [INFO]: 🧹 Menu lama user 8515791037 dihapus (kembali ke menu utama)
2025-12-28T08:53:43.073Z [INFO]: ℹ️ Edit message diabaikan untuk user 8515791037, kirim ulang menu baru
2025-12-28T08:53:43.437Z [INFO]: ✅ Menu utama baru dikirim untuk user 8515791037
2025-12-28T08:53:43.437Z [INFO]: ✅ Menu utama baru dikirim ke user 8515791037
2025-12-28T08:53:44.886Z [INFO]: sewascript service menu sent
2025-12-28T08:53:50.872Z [INFO]: 🧹 Menu lama user 7860236470 dihapus (kembali ke menu utama)
2025-12-28T08:53:51.363Z [INFO]: ℹ️ Edit message diabaikan untuk user 7860236470, kirim ulang menu baru
2025-12-28T08:53:51.786Z [INFO]: ✅ Menu utama baru dikirim untuk user 7860236470
2025-12-28T08:53:51.786Z [INFO]: ✅ Menu utama baru dikirim ke user 7860236470
2025-12-28T08:53:53.735Z [INFO]: create service menu sent
2025-12-28T08:53:58.481Z [INFO]: Memulai proses create untuk vmess di halaman 1
2025-12-28T08:54:03.729Z [INFO]: create service menu sent
2025-12-28T08:54:19.386Z [INFO]: 📩 Input teks dari 7860236470: king
2025-12-28T08:54:22.525Z [INFO]: 📩 Input teks dari 7860236470: 30
2025-12-28T08:55:28.619Z [INFO]: Admin menu requested
2025-12-28T08:55:31.381Z [INFO]: Add saldo user process started
2025-12-28T08:59:41.298Z [INFO]: Admin menu requested
2025-12-28T08:59:46.067Z [INFO]: Add saldo user process started
2025-12-28T08:59:51.175Z [INFO]: 📥 Perintah /start atau /menu diterima
2025-12-28T09:00:01.100Z [INFO]: ✅ Menu utama diedit untuk user 6711915076
2025-12-28T09:01:08.924Z [INFO]: 📥 Perintah /start atau /menu diterima
2025-12-28T09:01:09.428Z [INFO]: ℹ️ User ID 6197482164 sudah ada
2025-12-28T09:01:09.761Z [INFO]: 🧹 Menu lama user 6197482164 dihapus
2025-12-28T09:01:10.476Z [INFO]: ✅ Menu utama baru dikirim untuk user 6197482164
2025-12-28T09:01:15.580Z [INFO]: Admin menu requested
2025-12-28T09:01:29.048Z [INFO]: Add saldo user process started
2025-12-28T09:02:48.196Z [INFO]: 🧹 Menu lama user 6246224358 dihapus (kembali ke menu utama)
2025-12-28T09:02:48.886Z [INFO]: ℹ️ Edit message diabaikan untuk user 6246224358, kirim ulang menu baru
2025-12-28T09:02:49.285Z [INFO]: ✅ Menu utama baru dikirim untuk user 6246224358
2025-12-28T09:02:49.285Z [INFO]: ✅ Menu utama baru dikirim ke user 6246224358
2025-12-28T09:03:18.272Z [INFO]: User 6197482164 memilih untuk menambahkan saldo user dengan ID: 11
2025-12-28T09:03:49.507Z [INFO]: 📥 Perintah /start atau /menu diterima
2025-12-28T09:03:49.998Z [INFO]: ℹ️ User ID 6246224358 sudah ada
2025-12-28T09:03:50.323Z [INFO]: 🧹 Menu lama user 6246224358 dihapus
2025-12-28T09:03:51.039Z [INFO]: ✅ Menu utama baru dikirim untuk user 6246224358
2025-12-28T09:04:04.635Z [INFO]: 📥 Perintah /start atau /menu diterima
2025-12-28T09:04:05.142Z [INFO]: ✅ User ID 8515791037 berhasil disimpan
2025-12-28T09:04:05.477Z [INFO]: 🧹 Menu lama user 8515791037 dihapus
2025-12-28T09:04:06.032Z [INFO]: ✅ Menu utama baru dikirim untuk user 8515791037
2025-12-28T09:04:18.937Z [INFO]: create service menu sent
2025-12-28T09:04:38.900Z [INFO]: Memulai proses create untuk ssh di halaman 1
2025-12-28T09:04:43.507Z [INFO]: create service menu sent
2025-12-28T09:04:45.406Z [INFO]: 🧹 Menu lama user 6246224358 dihapus (kembali ke menu utama)
2025-12-28T09:04:45.896Z [INFO]: ℹ️ Edit message diabaikan untuk user 6246224358, kirim ulang menu baru
2025-12-28T09:04:46.269Z [INFO]: ✅ Menu utama baru dikirim untuk user 6246224358
2025-12-28T09:04:46.269Z [INFO]: ✅ Menu utama baru dikirim ke user 6246224358
2025-12-28T09:04:48.298Z [INFO]: 📥 Perintah /start atau /menu diterima
2025-12-28T09:04:48.801Z [INFO]: ℹ️ User ID 6197482164 sudah ada
2025-12-28T09:04:49.129Z [INFO]: 🧹 Menu lama user 6197482164 dihapus
2025-12-28T09:04:49.737Z [INFO]: ✅ Menu utama baru dikirim untuk user 6197482164
2025-12-28T09:04:49.899Z [INFO]: 📩 Input teks dari 7102577443: Info limit udp
2025-12-28T09:04:56.690Z [INFO]: trial service menu sent
2025-12-28T09:04:58.655Z [INFO]: Memulai proses trial untuk vless di halaman 1
2025-12-28T09:05:15.863Z [INFO]: Memulai proses create untuk ssh di halaman 2
2025-12-28T09:05:20.672Z [INFO]: Memulai proses create untuk ssh di halaman 1
2025-12-28T09:05:23.311Z [INFO]: 🧹 Menu lama user 8515791037 dihapus (kembali ke menu utama)
2025-12-28T09:05:23.995Z [INFO]: ℹ️ Edit message diabaikan untuk user 8515791037, kirim ulang menu baru
2025-12-28T09:05:24.370Z [INFO]: ✅ Menu utama baru dikirim untuk user 8515791037
2025-12-28T09:05:24.370Z [INFO]: ✅ Menu utama baru dikirim ke user 8515791037
2025-12-28T09:05:30.215Z [INFO]: 📩 Input teks dari 5039581855: bangkit lagi nih
2025-12-28T09:06:34.811Z [INFO]: 📥 Perintah /start atau /menu diterima
2025-12-28T09:06:35.396Z [INFO]: ℹ️ User ID 6197482164 sudah ada
2025-12-28T09:06:35.798Z [INFO]: 🧹 Menu lama user 6197482164 dihapus
2025-12-28T09:06:36.716Z [INFO]: ✅ Menu utama baru dikirim untuk user 6197482164
2025-12-28T09:06:45.069Z [INFO]: Admin menu requested
2025-12-28T09:06:48.227Z [INFO]: Add saldo user process started
2025-12-28T09:07:28.350Z [INFO]: User 6197482164 memilih untuk menambahkan saldo user dengan ID: 13
2025-12-28T09:08:09.718Z [INFO]: 📥 Perintah /start atau /menu diterima
2025-12-28T09:08:10.317Z [INFO]: ℹ️ User ID 8515791037 sudah ada
2025-12-28T09:08:10.874Z [INFO]: 🧹 Menu lama user 8515791037 dihapus
2025-12-28T09:08:11.577Z [INFO]: ✅ Menu utama baru dikirim untuk user 8515791037
2025-12-28T09:08:16.769Z [INFO]: Admin menu requested
2025-12-28T09:08:19.821Z [INFO]: 📥 Perintah /start atau /menu diterima
2025-12-28T09:08:20.316Z [INFO]: ℹ️ User ID 6197482164 sudah ada
2025-12-28T09:08:20.644Z [INFO]: 🧹 Menu lama user 6197482164 dihapus
2025-12-28T09:08:21.189Z [INFO]: ✅ Menu utama baru dikirim untuk user 6197482164
2025-12-28T09:09:34.156Z [INFO]: 📥 Perintah /start atau /menu diterima
2025-12-28T09:09:34.663Z [INFO]: ℹ️ User ID 6197482164 sudah ada
2025-12-28T09:09:35.121Z [INFO]: 🧹 Menu lama user 6197482164 dihapus
2025-12-28T09:09:35.982Z [INFO]: ✅ Menu utama baru dikirim untuk user 6197482164
2025-12-28T09:11:53.044Z [INFO]: sewascript service menu sent
2025-12-28T09:11:57.483Z [INFO]: 🧹 Menu lama user 8515791037 dihapus (kembali ke menu utama)
2025-12-28T09:11:58.167Z [INFO]: ℹ️ Edit message diabaikan untuk user 8515791037, kirim ulang menu baru
2025-12-28T09:11:58.535Z [INFO]: ✅ Menu utama baru dikirim untuk user 8515791037
2025-12-28T09:11:58.536Z [INFO]: ✅ Menu utama baru dikirim ke user 8515791037
2025-12-28T09:14:59.010Z [INFO]: 📩 Input teks dari 8307841425: Done
2025-12-28T09:15:30.219Z [INFO]: create service menu sent
2025-12-28T09:15:33.265Z [INFO]: Memulai proses create untuk ssh di halaman 1
2025-12-28T09:15:49.515Z [INFO]: create service menu sent
2025-12-28T09:15:51.153Z [INFO]: Memulai proses create untuk ssh di halaman 1
2025-12-28T09:16:30.425Z [INFO]: 📩 Input teks dari 8515791037: nanaasyaa
2025-12-28T09:16:35.108Z [INFO]: 📩 Input teks dari 8515791037: 1
2025-12-28T09:16:44.951Z [INFO]: 📩 Input teks dari 8515791037: 3⃣
2025-12-28T09:16:50.052Z [INFO]: 📩 Input teks dari 8515791037: 3
2025-12-28T09:16:50.406Z [INFO]: Mencoba create ssh untuk user 8515791037 di server NEWMEDIA - 1DEV🇸🇬
2025-12-28T09:16:52.217Z [INFO]: ✅ Aksi Buat Akun ssh berhasil untuk user 8515791037.
2025-12-28T09:16:52.565Z [INFO]: ✅ Saldo Rp435 berhasil dikurangi untuk user 8515791037 (Buat Akun ssh)
2025-12-28T09:16:52.584Z [INFO]: ✅ Log penjualan dicatat: 8515791037 - ssh - create - Rp435 - Role: member
2025-12-28T09:16:53.719Z [INFO]: ✅ Log transaksi #10 dikirim ke grup -1002076809846
2025-12-28T09:16:53.720Z [INFO]: ✅ afterAccountTransaction selesai untuk user 8515791037, transaksi #10
2025-12-28T09:37:46.849Z [INFO]: 📥 Perintah /start atau /menu diterima
2025-12-28T09:37:47.343Z [INFO]: ✅ User ID 6711915076 berhasil disimpan
2025-12-28T09:37:47.671Z [INFO]: 🧹 Menu lama user 6711915076 dihapus
2025-12-28T09:37:48.405Z [INFO]: ✅ Menu utama baru dikirim untuk user 6711915076
2025-12-28T09:59:35.943Z [INFO]: 📥 Perintah /start atau /menu diterima
2025-12-28T09:59:58.235Z [INFO]: ✅ Menu utama diedit untuk user 6984017410
2025-12-28T10:00:08.732Z [INFO]: trial service menu sent
2025-12-28T10:00:14.381Z [INFO]: Memulai proses trial untuk vmess di halaman 1
2025-12-28T10:01:04.621Z [INFO]: Memulai proses trial untuk vmess di halaman 2
2025-12-28T10:01:08.101Z [INFO]: Memulai proses trial untuk vmess di halaman 1
2025-12-28T10:01:09.275Z [INFO]: 🧹 Menu lama user 6984017410 dihapus (kembali ke menu utama)
2025-12-28T10:01:09.953Z [INFO]: ℹ️ Edit message diabaikan untuk user 6984017410, kirim ulang menu baru
2025-12-28T10:01:10.316Z [INFO]: ✅ Menu utama baru dikirim untuk user 6984017410
2025-12-28T10:01:10.316Z [INFO]: ✅ Menu utama baru dikirim ke user 6984017410
2025-12-28T10:01:14.988Z [INFO]: trial service menu sent
2025-12-28T10:01:17.841Z [INFO]: Memulai proses trial untuk ssh di halaman 1
2025-12-28T10:03:37.833Z [INFO]: 📥 Perintah /start atau /menu diterima
2025-12-28T10:03:38.344Z [INFO]: ✅ User ID 6984017410 berhasil disimpan
2025-12-28T10:03:38.684Z [INFO]: 🧹 Menu lama user 6984017410 dihapus
2025-12-28T10:03:39.385Z [INFO]: ✅ Menu utama baru dikirim untuk user 6984017410
2025-12-28T10:03:39.544Z [INFO]: 📥 Perintah /start atau /menu diterima
2025-12-28T10:03:40.046Z [INFO]: ℹ️ User ID 6984017410 sudah ada
2025-12-28T10:03:40.376Z [INFO]: 🧹 Menu lama user 6984017410 dihapus
2025-12-28T10:03:40.916Z [INFO]: ✅ Menu utama baru dikirim untuk user 6984017410
2025-12-28T10:03:43.175Z [INFO]: trial service menu sent
2025-12-28T10:03:47.235Z [INFO]: Memulai proses trial untuk shadowsocks di halaman 1
2025-12-28T10:03:58.053Z [INFO]: 🧹 Menu lama user 6984017410 dihapus (kembali ke menu utama)
2025-12-28T10:03:58.553Z [INFO]: ℹ️ Edit message diabaikan untuk user 6984017410, kirim ulang menu baru
2025-12-28T10:03:58.908Z [INFO]: ✅ Menu utama baru dikirim untuk user 6984017410
2025-12-28T10:03:58.908Z [INFO]: ✅ Menu utama baru dikirim ke user 6984017410
2025-12-28T10:04:02.534Z [INFO]: trial service menu sent
2025-12-28T10:04:04.203Z [INFO]: Memulai proses trial untuk ssh di halaman 1
2025-12-28T10:06:30.548Z [INFO]: 📩 Input teks dari 8307841425: Bug
2025-12-28T10:07:00.693Z [INFO]: 📩 Input teks dari 8307841425: ilmupedia
2025-12-28T10:10:45.566Z [INFO]: 📩 Input teks dari 8307841425: spotify
2025-12-28T10:12:30.830Z [INFO]: 📩 Input teks dari 8307841425: Dbcbn
2025-12-28T10:12:33.767Z [INFO]: 📩 Input teks dari 8307841425: Shbdbbf
2025-12-28T10:12:36.582Z [INFO]: 📩 Input teks dari 8307841425: 1
2025-12-28T10:12:36.977Z [INFO]: Mencoba create ssh untuk user 8307841425 di server RUMAH WEB 1DEV🇮🇩
2025-12-28T10:12:40.604Z [INFO]: ✅ Aksi Buat Akun ssh berhasil untuk user 8307841425.
2025-12-28T10:12:40.943Z [INFO]: ✅ Saldo Rp105 berhasil dikurangi untuk user 8307841425 (Buat Akun ssh)
2025-12-28T10:12:40.964Z [INFO]: ✅ Log penjualan dicatat: 8307841425 - ssh - create - Rp105 - Role: member
2025-12-28T10:12:42.092Z [INFO]: ✅ Log transaksi #11 dikirim ke grup -1002076809846
2025-12-28T10:12:42.092Z [INFO]: ✅ afterAccountTransaction selesai untuk user 8307841425, transaksi #11
2025-12-28T10:23:38.803Z [INFO]: 📥 Perintah /start atau /menu diterima
2025-12-28T10:23:48.950Z [INFO]: ✅ Menu utama diedit untuk user 8209860246
2025-12-28T10:23:53.413Z [INFO]: trial service menu sent
2025-12-28T10:23:55.366Z [INFO]: Memulai proses trial untuk vless di halaman 1
2025-12-28T10:29:21.928Z [INFO]: 🧹 Menu lama user 8307841425 dihapus (kembali ke menu utama)
2025-12-28T10:29:22.629Z [INFO]: ℹ️ Edit message diabaikan untuk user 8307841425, kirim ulang menu baru
2025-12-28T10:29:22.992Z [INFO]: ✅ Menu utama baru dikirim untuk user 8307841425
2025-12-28T10:29:22.992Z [INFO]: ✅ Menu utama baru dikirim ke user 8307841425
2025-12-28T10:29:31.749Z [INFO]: create service menu sent
2025-12-28T10:29:34.158Z [INFO]: Memulai proses create untuk shadowsocks di halaman 1
2025-12-28T10:29:39.641Z [INFO]: 🧹 Menu lama user 8307841425 dihapus (kembali ke menu utama)
2025-12-28T10:29:40.140Z [INFO]: ℹ️ Edit message diabaikan untuk user 8307841425, kirim ulang menu baru
2025-12-28T10:29:40.526Z [INFO]: ✅ Menu utama baru dikirim untuk user 8307841425
2025-12-28T10:29:40.526Z [INFO]: ✅ Menu utama baru dikirim ke user 8307841425
2025-12-28T10:29:42.688Z [INFO]: create service menu sent
2025-12-28T10:29:49.462Z [INFO]: Memulai proses create untuk ssh di halaman 1
2025-12-28T10:30:01.338Z [INFO]: 📩 Input teks dari 8307841425: Fikyouu
2025-12-28T10:30:05.837Z [INFO]: 📩 Input teks dari 8307841425: Fikyou6478
2025-12-28T10:30:07.661Z [INFO]: 📩 Input teks dari 8307841425: 2
2025-12-28T10:30:08.040Z [INFO]: Mencoba create ssh untuk user 8307841425 di server RUMAH WEB 1DEV🇮🇩
2025-12-28T10:30:15.485Z [INFO]: ✅ Aksi Buat Akun ssh berhasil untuk user 8307841425.
2025-12-28T10:30:15.855Z [INFO]: ✅ Saldo Rp210 berhasil dikurangi untuk user 8307841425 (Buat Akun ssh)
2025-12-28T10:30:15.877Z [INFO]: ✅ Log penjualan dicatat: 8307841425 - ssh - create - Rp210 - Role: member
2025-12-28T10:30:17.097Z [INFO]: ✅ Log transaksi #12 dikirim ke grup -1002076809846
2025-12-28T10:30:17.097Z [INFO]: ✅ afterAccountTransaction selesai untuk user 8307841425, transaksi #12
2025-12-28T10:49:56.327Z [INFO]: 📥 Perintah /start atau /menu diterima
2025-12-28T10:52:38.556Z [INFO]: ✅ Menu utama diedit untuk user 7314762219
2025-12-28T10:52:45.618Z [INFO]: create service menu sent
2025-12-28T10:52:47.385Z [INFO]: Memulai proses create untuk ssh di halaman 1
2025-12-28T10:53:03.508Z [INFO]: Memulai proses create untuk ssh di halaman 2
2025-12-28T10:53:10.243Z [INFO]: Memulai proses create untuk ssh di halaman 1
2025-12-28T10:53:14.755Z [INFO]: 🧹 Menu lama user 7314762219 dihapus (kembali ke menu utama)
2025-12-28T10:53:15.255Z [INFO]: ℹ️ Edit message diabaikan untuk user 7314762219, kirim ulang menu baru
2025-12-28T10:53:15.642Z [INFO]: ✅ Menu utama baru dikirim untuk user 7314762219
2025-12-28T10:53:15.643Z [INFO]: ✅ Menu utama baru dikirim ke user 7314762219
2025-12-28T10:53:17.200Z [INFO]: 📥 Perintah /start atau /menu diterima
2025-12-28T10:53:17.699Z [INFO]: ✅ User ID 7314762219 berhasil disimpan
2025-12-28T10:53:18.027Z [INFO]: 🧹 Menu lama user 7314762219 dihapus
2025-12-28T10:53:18.555Z [INFO]: ✅ Menu utama baru dikirim untuk user 7314762219
2025-12-28T10:53:37.143Z [INFO]: create service menu sent
2025-12-28T10:53:38.695Z [INFO]: Memulai proses create untuk ssh di halaman 1
2025-12-28T10:53:41.205Z [INFO]: 🧹 Menu lama user 7314762219 dihapus (kembali ke menu utama)
2025-12-28T10:53:41.876Z [INFO]: ℹ️ Edit message diabaikan untuk user 7314762219, kirim ulang menu baru
2025-12-28T10:53:42.261Z [INFO]: ✅ Menu utama baru dikirim untuk user 7314762219
2025-12-28T10:53:42.261Z [INFO]: ✅ Menu utama baru dikirim ke user 7314762219
2025-12-28T10:53:47.824Z [INFO]: trial service menu sent
2025-12-28T10:53:49.051Z [INFO]: Memulai proses trial untuk ssh di halaman 1
2025-12-28T11:02:26.697Z [INFO]: 📥 Perintah /start atau /menu diterima
2025-12-28T11:02:27.370Z [INFO]: ℹ️ User ID 6711915076 sudah ada
2025-12-28T11:02:27.871Z [INFO]: 🧹 Menu lama user 6711915076 dihapus
2025-12-28T11:02:28.581Z [INFO]: ✅ Menu utama baru dikirim untuk user 6711915076
2025-12-28T11:03:55.647Z [INFO]: 📥 Perintah /start atau /menu diterima
2025-12-28T11:03:56.313Z [INFO]: ℹ️ User ID 6246224358 sudah ada
2025-12-28T11:03:56.644Z [INFO]: 🧹 Menu lama user 6246224358 dihapus
2025-12-28T11:03:57.363Z [INFO]: ✅ Menu utama baru dikirim untuk user 6246224358
2025-12-28T11:21:58.207Z [INFO]: 📥 Perintah /start atau /menu diterima
2025-12-28T11:22:32.420Z [INFO]: ✅ Menu utama diedit untuk user 6455866147
2025-12-28T11:23:02.615Z [INFO]: create service menu sent
2025-12-28T11:23:04.966Z [INFO]: Memulai proses create untuk vmess di halaman 1
2025-12-28T11:23:50.452Z [INFO]: Memulai proses create untuk vmess di halaman 2
2025-12-28T11:24:08.683Z [INFO]: 🧹 Menu lama user 6455866147 dihapus (kembali ke menu utama)
2025-12-28T11:24:09.546Z [INFO]: ℹ️ Edit message diabaikan untuk user 6455866147, kirim ulang menu baru
2025-12-28T11:24:09.921Z [INFO]: ✅ Menu utama baru dikirim untuk user 6455866147
2025-12-28T11:24:09.921Z [INFO]: ✅ Menu utama baru dikirim ke user 6455866147
2025-12-28T11:34:08.540Z [INFO]: sewascript service menu sent
2025-12-28T11:34:25.345Z [INFO]: sewascript service menu sent
2025-12-28T11:34:28.549Z [INFO]: ✅ Menu utama diedit untuk user 6455866147
2025-12-28T11:34:28.549Z [INFO]: ✅ Menu utama baru dikirim ke user 6455866147
2025-12-28T11:34:36.590Z [INFO]: trial service menu sent
2025-12-28T11:34:39.937Z [INFO]: Memulai proses trial untuk vmess di halaman 1
2025-12-28T12:18:36.873Z [INFO]: Admin menu requested
2025-12-28T12:18:42.526Z [INFO]: Add saldo user process started
2025-12-28T12:19:09.648Z [INFO]: User 6197482164 memilih untuk menambahkan saldo user dengan ID: 14
2025-12-28T12:20:38.354Z [INFO]: 📥 Perintah /start atau /menu diterima
2025-12-28T12:20:39.049Z [INFO]: ℹ️ User ID 6197482164 sudah ada
2025-12-28T12:20:39.396Z [INFO]: 🧹 Menu lama user 6197482164 dihapus
2025-12-28T12:20:40.135Z [INFO]: ✅ Menu utama baru dikirim untuk user 6197482164
2025-12-28T12:21:01.163Z [INFO]: Admin menu requested
2025-12-28T12:21:07.092Z [INFO]: 📥 Proses tambah server dimulai
2025-12-28T12:21:16.962Z [INFO]: 📩 Input teks dari 6197482164: fauzifx.fanstore-vip.pro
2025-12-28T12:21:19.498Z [INFO]: 📩 Input teks dari 6197482164: dea4f2
2025-12-28T12:21:58.564Z [INFO]: 📩 Input teks dari 6197482164: DO VVIP 2DEV🇸🇬
2025-12-28T12:22:03.048Z [INFO]: 📩 Input teks dari 6197482164: 200
2025-12-28T12:22:07.995Z [INFO]: 📩 Input teks dari 6197482164: 2
2025-12-28T12:22:32.247Z [INFO]: 📩 Input teks dari 6197482164: 75
2025-12-28T12:22:58.511Z [INFO]: 📩 Input teks dari 6197482164: 363
2025-12-28T12:23:03.426Z [INFO]: 📥 Perintah /start atau /menu diterima
2025-12-28T12:23:03.961Z [INFO]: ℹ️ User ID 6197482164 sudah ada
2025-12-28T12:23:04.341Z [INFO]: 🧹 Menu lama user 6197482164 dihapus
2025-12-28T12:23:05.095Z [INFO]: ✅ Menu utama baru dikirim untuk user 6197482164
2025-12-28T12:23:09.456Z [INFO]: trial service menu sent
2025-12-28T12:23:10.582Z [INFO]: Memulai proses trial untuk ssh di halaman 1
2025-12-28T12:23:12.291Z [INFO]: Memulai proses trial untuk ssh di halaman 2
2025-12-28T12:39:42.784Z [INFO]: 📥 Perintah /start atau /menu diterima
2025-12-28T12:39:43.482Z [INFO]: ℹ️ User ID 6711915076 sudah ada
2025-12-28T12:39:44.040Z [INFO]: 🧹 Menu lama user 6711915076 dihapus
2025-12-28T12:39:44.796Z [INFO]: ✅ Menu utama baru dikirim untuk user 6711915076
2025-12-28T12:40:33.221Z [INFO]: 📥 Perintah /start atau /menu diterima
2025-12-28T12:40:33.747Z [INFO]: ℹ️ User ID 6711915076 sudah ada
2025-12-28T12:40:34.090Z [INFO]: 🧹 Menu lama user 6711915076 dihapus
2025-12-28T12:40:34.670Z [INFO]: ✅ Menu utama baru dikirim untuk user 6711915076
2025-12-28T12:41:29.337Z [INFO]: trial service menu sent
2025-12-28T12:41:30.213Z [INFO]: Memulai proses trial untuk ssh di halaman 1
2025-12-28T12:42:11.022Z [INFO]: 📥 Perintah /start atau /menu diterima
2025-12-28T12:42:11.548Z [INFO]: ℹ️ User ID 6711915076 sudah ada
2025-12-28T12:42:11.893Z [INFO]: 🧹 Menu lama user 6711915076 dihapus
2025-12-28T12:42:12.647Z [INFO]: ✅ Menu utama baru dikirim untuk user 6711915076
2025-12-28T12:42:14.591Z [INFO]: create service menu sent
2025-12-28T12:42:24.851Z [INFO]: 🧹 Menu lama user 6711915076 dihapus (kembali ke menu utama)
2025-12-28T12:42:25.410Z [INFO]: ℹ️ Edit message diabaikan untuk user 6711915076, kirim ulang menu baru
2025-12-28T12:42:25.794Z [INFO]: ✅ Menu utama baru dikirim untuk user 6711915076
2025-12-28T12:42:25.795Z [INFO]: ✅ Menu utama baru dikirim ke user 6711915076
2025-12-28T12:42:31.792Z [INFO]: trial service menu sent
2025-12-28T12:42:32.875Z [INFO]: Memulai proses trial untuk vless di halaman 1
2025-12-28T13:03:01.562Z [INFO]: 📥 Perintah /start atau /menu diterima
2025-12-28T13:03:02.057Z [INFO]: ℹ️ User ID 6197482164 sudah ada
2025-12-28T13:03:02.385Z [INFO]: 🧹 Menu lama user 6197482164 dihapus
2025-12-28T13:03:03.110Z [INFO]: ✅ Menu utama baru dikirim untuk user 6197482164
2025-12-28T13:23:20.601Z [INFO]: 🧹 Menu lama user 8307841425 dihapus (kembali ke menu utama)
2025-12-28T13:23:21.277Z [INFO]: ℹ️ Edit message diabaikan untuk user 8307841425, kirim ulang menu baru
2025-12-28T13:23:21.661Z [INFO]: ✅ Menu utama baru dikirim untuk user 8307841425
2025-12-28T13:23:21.661Z [INFO]: ✅ Menu utama baru dikirim ke user 8307841425
2025-12-28T13:23:26.221Z [INFO]: create service menu sent
2025-12-28T13:23:34.935Z [INFO]: Memulai proses create untuk ssh di halaman 1
2025-12-28T13:23:56.214Z [INFO]: 📩 Input teks dari 8307841425: Rzl7478
2025-12-28T13:24:02.693Z [INFO]: 📩 Input teks dari 8307841425: Rzl7478
2025-12-28T13:24:05.813Z [INFO]: 📩 Input teks dari 8307841425: 2
2025-12-28T13:24:06.176Z [INFO]: Mencoba create ssh untuk user 8307841425 di server RUMAH WEB 1DEV🇮🇩
2025-12-28T13:24:14.828Z [INFO]: ✅ Aksi Buat Akun ssh berhasil untuk user 8307841425.
2025-12-28T13:24:15.182Z [INFO]: ✅ Saldo Rp210 berhasil dikurangi untuk user 8307841425 (Buat Akun ssh)
2025-12-28T13:24:15.188Z [INFO]: ✅ Log penjualan dicatat: 8307841425 - ssh - create - Rp210 - Role: member
2025-12-28T13:24:47.647Z [INFO]: ✅ Log transaksi #13 dikirim ke grup -1002076809846
2025-12-28T13:24:47.647Z [INFO]: ✅ afterAccountTransaction selesai untuk user 8307841425, transaksi #13
2025-12-28T13:27:45.095Z [INFO]: 📥 Perintah /start atau /menu diterima
2025-12-28T13:27:45.778Z [INFO]: ℹ️ User ID 8515791037 sudah ada
2025-12-28T13:27:46.281Z [INFO]: 🧹 Menu lama user 8515791037 dihapus
2025-12-28T13:27:46.987Z [INFO]: ✅ Menu utama baru dikirim untuk user 8515791037
2025-12-28T13:27:47.147Z [INFO]: 📥 Perintah /start atau /menu diterima
2025-12-28T13:27:47.855Z [INFO]: ℹ️ User ID 6711915076 sudah ada
2025-12-28T13:27:48.319Z [INFO]: 🧹 Menu lama user 6711915076 dihapus
2025-12-28T13:27:48.861Z [INFO]: ✅ Menu utama baru dikirim untuk user 6711915076
2025-12-28T13:27:50.417Z [INFO]: trial service menu sent
2025-12-28T13:27:51.341Z [INFO]: Admin menu requested
2025-12-28T13:27:52.219Z [INFO]: Memulai proses trial untuk ssh di halaman 1
2025-12-28T13:27:54.306Z [INFO]: Memulai proses trial untuk ssh di halaman 2
2025-12-28T13:27:58.450Z [INFO]: Memulai proses trial untuk ssh di halaman 1
2025-12-28T13:28:01.326Z [INFO]: 📥 Perintah /start atau /menu diterima
2025-12-28T13:28:01.910Z [INFO]: ℹ️ User ID 8515791037 sudah ada
2025-12-28T13:28:02.241Z [INFO]: 🧹 Menu lama user 8515791037 dihapus
2025-12-28T13:28:02.814Z [INFO]: ✅ Menu utama baru dikirim untuk user 8515791037
2025-12-28T13:29:24.935Z [INFO]: 📥 Perintah /start atau /menu diterima
2025-12-28T13:29:25.615Z [INFO]: ✅ User ID 6455866147 berhasil disimpan
2025-12-28T13:29:25.988Z [INFO]: 🧹 Menu lama user 6455866147 dihapus
2025-12-28T13:29:26.888Z [INFO]: ✅ Menu utama baru dikirim untuk user 6455866147
2025-12-28T13:30:43.094Z [INFO]: 🔍 User 6455866147 memulai proses top-up saldo (QRIS Orkut).
2025-12-28T13:30:43.443Z [INFO]: 🧹 Menu lama milik 6455866147 berhasil dihapus
2025-12-28T13:30:43.443Z [INFO]: 📝 Menunggu input nominal dari user 6455866147 untuk QRIS Orkut
2025-12-28T13:30:58.519Z [INFO]: 📩 Input teks dari 6455866147: 10000
2025-12-28T13:35:26.941Z [INFO]: 📥 Perintah /start atau /menu diterima
2025-12-28T13:35:27.438Z [INFO]: ℹ️ User ID 6455866147 sudah ada
2025-12-28T13:35:28.176Z [INFO]: ✅ Menu utama baru dikirim untuk user 6455866147
2025-12-28T13:37:14.815Z [INFO]: Admin menu requested
2025-12-28T13:37:59.257Z [INFO]: 📥 Perintah /start atau /menu diterima
2025-12-28T13:37:59.743Z [INFO]: ℹ️ User ID 6455866147 sudah ada
2025-12-28T13:38:00.073Z [INFO]: 🧹 Menu lama user 6455866147 dihapus
2025-12-28T13:38:00.790Z [INFO]: ✅ Menu utama baru dikirim untuk user 6455866147
2025-12-28T13:38:37.597Z [INFO]: trial service menu sent
2025-12-28T13:38:41.225Z [INFO]: Memulai proses trial untuk vmess di halaman 1
2025-12-28T13:39:25.127Z [INFO]: 📥 Perintah /start atau /menu diterima
2025-12-28T13:39:25.622Z [INFO]: ℹ️ User ID 6455866147 sudah ada
2025-12-28T13:39:25.952Z [INFO]: 🧹 Menu lama user 6455866147 dihapus
2025-12-28T13:39:26.828Z [INFO]: ✅ Menu utama baru dikirim untuk user 6455866147
2025-12-28T13:46:02.966Z [INFO]: create service menu sent
2025-12-28T13:46:07.981Z [INFO]: Memulai proses create untuk ssh di halaman 1
2025-12-28T13:46:29.579Z [INFO]: Memulai proses create untuk ssh di halaman 2
2025-12-28T13:46:45.934Z [INFO]: Memulai proses create untuk ssh di halaman 1
2025-12-28T13:47:18.802Z [INFO]: 📩 Input teks dari 6455866147: tes123
2025-12-28T13:47:22.584Z [INFO]: 📩 Input teks dari 6455866147: 123
2025-12-28T13:47:30.456Z [INFO]: 📩 Input teks dari 6455866147: 1
2025-12-28T13:47:30.816Z [INFO]: Mencoba create ssh untuk user 6455866147 di server NEWMEDIA - 1DEV🇸🇬
2025-12-28T13:47:32.399Z [INFO]: ✅ Aksi Buat Akun ssh berhasil untuk user 6455866147.
2025-12-28T13:47:32.733Z [INFO]: ✅ Saldo Rp145 berhasil dikurangi untuk user 6455866147 (Buat Akun ssh)
2025-12-28T13:47:32.744Z [INFO]: ✅ Log penjualan dicatat: 6455866147 - ssh - create - Rp145 - Role: member
2025-12-28T13:47:35.110Z [INFO]: ✅ Log transaksi #14 dikirim ke grup -1002076809846
2025-12-28T13:47:35.110Z [INFO]: ✅ afterAccountTransaction selesai untuk user 6455866147, transaksi #14
2025-12-28T13:54:45.306Z [INFO]: 📥 Perintah /start atau /menu diterima
2025-12-28T13:54:45.798Z [INFO]: ℹ️ User ID 6455866147 sudah ada
2025-12-28T13:54:46.129Z [INFO]: 🧹 Menu lama user 6455866147 dihapus
2025-12-28T13:54:46.858Z [INFO]: ✅ Menu utama baru dikirim untuk user 6455866147
2025-12-28T13:55:01.413Z [INFO]: renew service menu sent
2025-12-28T13:55:04.735Z [INFO]: 🧹 Menu lama user 6455866147 dihapus (kembali ke menu utama)
2025-12-28T13:55:05.235Z [INFO]: ℹ️ Edit message diabaikan untuk user 6455866147, kirim ulang menu baru
2025-12-28T13:55:05.602Z [INFO]: ✅ Menu utama baru dikirim untuk user 6455866147
2025-12-28T13:55:05.602Z [INFO]: ✅ Menu utama baru dikirim ke user 6455866147
2025-12-28T13:55:29.489Z [INFO]: create service menu sent
2025-12-28T13:55:31.884Z [INFO]: Memulai proses create untuk ssh di halaman 1
2025-12-28T13:57:04.028Z [INFO]: 🧹 Menu lama user 6455866147 dihapus (kembali ke menu utama)
2025-12-28T13:57:04.701Z [INFO]: ℹ️ Edit message diabaikan untuk user 6455866147, kirim ulang menu baru
2025-12-28T13:57:05.071Z [INFO]: ✅ Menu utama baru dikirim untuk user 6455866147
2025-12-28T13:57:05.071Z [INFO]: ✅ Menu utama baru dikirim ke user 6455866147
2025-12-28T13:58:34.459Z [INFO]: 📥 Perintah /start atau /menu diterima
2025-12-28T13:58:34.944Z [INFO]: ℹ️ User ID 6455866147 sudah ada
2025-12-28T13:58:35.311Z [INFO]: 🧹 Menu lama user 6455866147 dihapus
2025-12-28T13:58:36.036Z [INFO]: ✅ Menu utama baru dikirim untuk user 6455866147
2025-12-28T13:58:39.163Z [INFO]: create service menu sent
2025-12-28T13:58:45.220Z [INFO]: Memulai proses create untuk ssh di halaman 1
2025-12-28T13:59:26.017Z [INFO]: Memulai proses create untuk ssh di halaman 2
2025-12-28T13:59:52.576Z [INFO]: 📩 Input teks dari 6455866147: test123
2025-12-28T13:59:56.094Z [INFO]: 📩 Input teks dari 6455866147: 123
2025-12-28T13:59:59.497Z [INFO]: 📩 Input teks dari 6455866147: 1
2025-12-28T13:59:59.851Z [INFO]: Mencoba create ssh untuk user 6455866147 di server DENEVA 1DEV🇮🇩
2025-12-28T14:00:12.077Z [INFO]: ✅ Aksi Buat Akun ssh berhasil untuk user 6455866147.
2025-12-28T14:00:12.778Z [INFO]: ✅ Saldo Rp121 berhasil dikurangi untuk user 6455866147 (Buat Akun ssh)
2025-12-28T14:00:12.792Z [INFO]: ✅ Log penjualan dicatat: 6455866147 - ssh - create - Rp121 - Role: member
2025-12-28T14:00:12.912Z [INFO]: 📥 Perintah /start atau /menu diterima
2025-12-28T14:00:14.115Z [INFO]: ✅ Log transaksi #15 dikirim ke grup -1002076809846
2025-12-28T14:00:14.115Z [INFO]: ✅ afterAccountTransaction selesai untuk user 6455866147, transaksi #15
2025-12-28T14:00:46.935Z [INFO]: 📥 Perintah /start atau /menu diterima
2025-12-28T14:00:47.601Z [INFO]: ✅ User ID 6260838668 berhasil disimpan
2025-12-28T14:00:48.361Z [INFO]: ✅ Menu utama baru dikirim untuk user 6260838668
2025-12-28T14:01:37.608Z [INFO]: create service menu sent
2025-12-28T14:01:40.357Z [INFO]: Memulai proses create untuk vmess di halaman 1
2025-12-28T14:23:42.136Z [INFO]: 📥 Perintah /start atau /menu diterima
2025-12-28T14:23:42.840Z [INFO]: ℹ️ User ID 6197482164 sudah ada
2025-12-28T14:23:43.419Z [INFO]: 🧹 Menu lama user 6197482164 dihapus
2025-12-28T14:23:44.151Z [INFO]: ✅ Menu utama baru dikirim untuk user 6197482164
2025-12-28T14:23:53.695Z [INFO]: Admin menu requested
2025-12-28T14:26:16.524Z [INFO]: trial service menu sent
2025-12-28T14:26:17.489Z [INFO]: Memulai proses trial untuk ssh di halaman 1
2025-12-28T14:28:40.641Z [INFO]: 📥 Perintah /start atau /menu diterima
2025-12-28T14:28:41.149Z [INFO]: ℹ️ User ID 6197482164 sudah ada
2025-12-28T14:28:41.485Z [INFO]: 🧹 Menu lama user 6197482164 dihapus
2025-12-28T14:28:42.224Z [INFO]: ✅ Menu utama baru dikirim untuk user 6197482164
2025-12-28T14:28:48.427Z [INFO]: Admin menu requested
2025-12-28T14:28:56.223Z [INFO]: Add saldo user process started
2025-12-28T14:29:13.650Z [INFO]: User 6197482164 memilih untuk menambahkan saldo user dengan ID: 18
2025-12-28T14:29:54.662Z [INFO]: 📥 Perintah /start atau /menu diterima
2025-12-28T14:29:55.329Z [INFO]: ℹ️ User ID 6246224358 sudah ada
2025-12-28T14:29:55.704Z [INFO]: 🧹 Menu lama user 6246224358 dihapus
2025-12-28T14:29:56.417Z [INFO]: ✅ Menu utama baru dikirim untuk user 6246224358
2025-12-28T14:30:00.684Z [INFO]: create service menu sent
2025-12-28T14:30:01.569Z [INFO]: Memulai proses create untuk ssh di halaman 1
2025-12-28T14:30:18.821Z [INFO]: 📩 Input teks dari 6246224358: goku
2025-12-28T14:30:23.217Z [INFO]: 📩 Input teks dari 6246224358: 2hari
2025-12-28T14:30:27.293Z [INFO]: 📩 Input teks dari 6246224358: 2
2025-12-28T14:30:27.670Z [INFO]: Mencoba create ssh untuk user 6246224358 di server LEASEWEB - 1DEV🇸🇬
2025-12-28T14:30:29.363Z [INFO]: ✅ Aksi Buat Akun ssh berhasil untuk user 6246224358.
2025-12-28T14:30:29.716Z [INFO]: ✅ Saldo Rp334 berhasil dikurangi untuk user 6246224358 (Buat Akun ssh)
2025-12-28T14:30:29.733Z [INFO]: ✅ Log penjualan dicatat: 6246224358 - ssh - create - Rp334 - Role: member
2025-12-28T14:30:32.062Z [INFO]: ✅ Log transaksi #16 dikirim ke grup -1002076809846
2025-12-28T14:30:32.062Z [INFO]: ✅ afterAccountTransaction selesai untuk user 6246224358, transaksi #16
2025-12-28T14:39:53.663Z [INFO]: 📥 Perintah /start atau /menu diterima
2025-12-28T14:39:54.152Z [INFO]: ℹ️ User ID 6246224358 sudah ada
2025-12-28T14:39:54.480Z [INFO]: 🧹 Menu lama user 6246224358 dihapus
2025-12-28T14:39:55.212Z [INFO]: ✅ Menu utama baru dikirim untuk user 6246224358
2025-12-28T14:39:57.452Z [INFO]: trial service menu sent
2025-12-28T14:39:58.638Z [INFO]: Memulai proses trial untuk ssh di halaman 1
2025-12-28T14:42:50.760Z [INFO]: 📥 Perintah /start atau /menu diterima
2025-12-28T14:42:51.412Z [INFO]: ℹ️ User ID 6202490359 sudah ada
2025-12-28T14:42:51.738Z [INFO]: 🧹 Menu lama user 6202490359 dihapus
2025-12-28T14:42:52.459Z [INFO]: ✅ Menu utama baru dikirim untuk user 6202490359
2025-12-28T14:45:34.544Z [INFO]: 📥 Perintah /start atau /menu diterima
2025-12-28T14:45:35.102Z [INFO]: ℹ️ User ID 6202490359 sudah ada
2025-12-28T14:45:35.436Z [INFO]: 🧹 Menu lama user 6202490359 dihapus
2025-12-28T14:45:36.173Z [INFO]: ✅ Menu utama baru dikirim untuk user 6202490359
2025-12-28T14:49:01.499Z [INFO]: 📥 Perintah /start atau /menu diterima
2025-12-28T14:49:01.994Z [INFO]: ℹ️ User ID 6455866147 sudah ada
2025-12-28T14:49:02.492Z [INFO]: 🧹 Menu lama user 6455866147 dihapus
2025-12-28T14:49:03.286Z [INFO]: ✅ Menu utama baru dikirim untuk user 6455866147
2025-12-28T14:49:07.883Z [INFO]: create service menu sent
2025-12-28T14:49:12.383Z [INFO]: Memulai proses create untuk vmess di halaman 1
2025-12-28T14:49:40.665Z [INFO]: Memulai proses create untuk vmess di halaman 2
2025-12-28T14:51:56.471Z [INFO]: 📥 Perintah /start atau /menu diterima
2025-12-28T14:51:56.965Z [INFO]: ℹ️ User ID 6202490359 sudah ada
2025-12-28T14:51:57.293Z [INFO]: 🧹 Menu lama user 6202490359 dihapus
2025-12-28T14:51:58.023Z [INFO]: ✅ Menu utama baru dikirim untuk user 6202490359
2025-12-28T14:56:13.633Z [INFO]: Admin menu requested
2025-12-28T14:56:27.260Z [INFO]: Add saldo user process started
2025-12-28T14:56:37.140Z [INFO]: User 6197482164 memilih untuk menambahkan saldo user dengan ID: 12
2025-12-28T14:57:23.487Z [INFO]: 📥 Perintah /start atau /menu diterima
2025-12-28T14:57:23.977Z [INFO]: ℹ️ User ID 6202490359 sudah ada
2025-12-28T14:57:24.318Z [INFO]: 🧹 Menu lama user 6202490359 dihapus
2025-12-28T14:57:24.856Z [INFO]: ✅ Menu utama baru dikirim untuk user 6202490359
2025-12-28T14:58:18.105Z [INFO]: create service menu sent
2025-12-28T14:58:22.424Z [INFO]: Memulai proses create untuk vmess di halaman 1
2025-12-28T14:59:02.552Z [INFO]: 📩 Input teks dari 6202490359: cannodreg
2025-12-28T14:59:10.474Z [INFO]: 📩 Input teks dari 6202490359: 6
2025-12-28T14:59:10.831Z [INFO]: Mencoba create vmess untuk user 6202490359 di server RUMAH WEB 1DEV🇮🇩
2025-12-28T14:59:18.144Z [INFO]: ✅ Aksi Buat Akun vmess berhasil untuk user 6202490359.
2025-12-28T14:59:18.828Z [INFO]: ✅ Saldo Rp630 berhasil dikurangi untuk user 6202490359 (Buat Akun vmess)
2025-12-28T14:59:18.853Z [INFO]: ✅ Log penjualan dicatat: 6202490359 - vmess - create - Rp630 - Role: member
2025-12-28T14:59:23.193Z [INFO]: ✅ Log transaksi #17 dikirim ke grup -1002076809846
2025-12-28T14:59:23.194Z [INFO]: ✅ afterAccountTransaction selesai untuk user 6202490359, transaksi #17
2025-12-28T15:01:59.469Z [INFO]: Admin menu requested
2025-12-28T15:02:05.187Z [INFO]: Edit server nama process started
2025-12-28T15:04:48.990Z [INFO]: 📥 Perintah /start atau /menu diterima
2025-12-28T15:04:49.506Z [INFO]: ℹ️ User ID 6455866147 sudah ada
2025-12-28T15:04:49.855Z [INFO]: 🧹 Menu lama user 6455866147 dihapus
2025-12-28T15:04:50.671Z [INFO]: ✅ Menu utama baru dikirim untuk user 6455866147
2025-12-28T15:04:54.099Z [INFO]: create service menu sent
2025-12-28T15:04:55.132Z [INFO]: User 6197482164 memilih untuk mengedit nama server dengan ID: 10
2025-12-28T15:04:59.687Z [INFO]: Memulai proses create untuk vmess di halaman 1
2025-12-28T15:05:11.509Z [INFO]: 📩 Input teks dari 6197482164: BIZNET 2DEV🇮🇩
2025-12-28T15:05:14.618Z [INFO]: 📥 Perintah /start atau /menu diterima
2025-12-28T15:05:15.106Z [INFO]: ℹ️ User ID 6197482164 sudah ada
2025-12-28T15:05:15.433Z [INFO]: 🧹 Menu lama user 6197482164 dihapus
2025-12-28T15:05:15.971Z [INFO]: ✅ Menu utama baru dikirim untuk user 6197482164
2025-12-28T15:05:21.046Z [INFO]: 📩 Input teks dari 6455866147: test1642
2025-12-28T15:05:24.283Z [INFO]: 📩 Input teks dari 6455866147: 1
2025-12-28T15:05:24.635Z [INFO]: Mencoba create vmess untuk user 6455866147 di server RUMAH WEB 1DEV🇮🇩
2025-12-28T15:05:36.983Z [INFO]: ✅ Aksi Buat Akun vmess berhasil untuk user 6455866147.
2025-12-28T15:05:37.339Z [INFO]: ✅ Saldo Rp105 berhasil dikurangi untuk user 6455866147 (Buat Akun vmess)
2025-12-28T15:05:37.345Z [INFO]: ✅ Log penjualan dicatat: 6455866147 - vmess - create - Rp105 - Role: member
2025-12-28T15:05:38.666Z [INFO]: ✅ Log transaksi #18 dikirim ke grup -1002076809846
2025-12-28T15:05:38.666Z [INFO]: ✅ afterAccountTransaction selesai untuk user 6455866147, transaksi #18
2025-12-28T15:06:25.927Z [INFO]: 📌 Pesan dipin di chat 859249044
2025-12-28T15:06:25.927Z [INFO]: ✅ Broadcast sukses ke 859249044
2025-12-28T15:06:27.231Z [INFO]: 📌 Pesan dipin di chat 1210833546
2025-12-28T15:06:27.231Z [INFO]: ✅ Broadcast sukses ke 1210833546
2025-12-28T15:06:28.481Z [INFO]: 📌 Pesan dipin di chat 5039581855
2025-12-28T15:06:28.483Z [INFO]: ✅ Broadcast sukses ke 5039581855
2025-12-28T15:06:29.740Z [INFO]: 📌 Pesan dipin di chat 6065984416
2025-12-28T15:06:29.740Z [INFO]: ✅ Broadcast sukses ke 6065984416
2025-12-28T15:06:30.959Z [INFO]: 📌 Pesan dipin di chat 6197482164
2025-12-28T15:06:30.959Z [INFO]: ✅ Broadcast sukses ke 6197482164
2025-12-28T15:06:32.174Z [INFO]: 📌 Pesan dipin di chat 6202490359
2025-12-28T15:06:32.174Z [INFO]: ✅ Broadcast sukses ke 6202490359
2025-12-28T15:06:33.534Z [INFO]: 📌 Pesan dipin di chat 6246224358
2025-12-28T15:06:33.535Z [INFO]: ✅ Broadcast sukses ke 6246224358
2025-12-28T15:06:34.731Z [INFO]: 📌 Pesan dipin di chat 6260838668
2025-12-28T15:06:34.731Z [INFO]: ✅ Broadcast sukses ke 6260838668
2025-12-28T15:06:35.938Z [INFO]: 📌 Pesan dipin di chat 6455866147
2025-12-28T15:06:35.938Z [INFO]: ✅ Broadcast sukses ke 6455866147
2025-12-28T15:06:37.150Z [INFO]: 📌 Pesan dipin di chat 6503708777
2025-12-28T15:06:37.150Z [INFO]: ✅ Broadcast sukses ke 6503708777
2025-12-28T15:06:38.406Z [INFO]: 📌 Pesan dipin di chat 6552411421
2025-12-28T15:06:38.406Z [INFO]: ✅ Broadcast sukses ke 6552411421
2025-12-28T15:06:39.647Z [INFO]: 📌 Pesan dipin di chat 6711915076
2025-12-28T15:06:39.647Z [INFO]: ✅ Broadcast sukses ke 6711915076
2025-12-28T15:06:40.482Z [WARN]: 🚫 User 6984017410 blokir bot / belum start
2025-12-28T15:06:41.698Z [INFO]: 📌 Pesan dipin di chat 7102577443
2025-12-28T15:06:41.698Z [INFO]: ✅ Broadcast sukses ke 7102577443
2025-12-28T15:06:42.933Z [INFO]: 📌 Pesan dipin di chat 7314762219
2025-12-28T15:06:42.934Z [INFO]: ✅ Broadcast sukses ke 7314762219
2025-12-28T15:06:44.164Z [INFO]: 📌 Pesan dipin di chat 7446261712
2025-12-28T15:06:44.165Z [INFO]: ✅ Broadcast sukses ke 7446261712
2025-12-28T15:06:45.371Z [INFO]: 📌 Pesan dipin di chat 8307841425
2025-12-28T15:06:45.371Z [INFO]: ✅ Broadcast sukses ke 8307841425
2025-12-28T15:06:46.600Z [INFO]: 📌 Pesan dipin di chat 8515791037
2025-12-28T15:06:46.600Z [INFO]: ✅ Broadcast sukses ke 8515791037
2025-12-28T15:06:49.391Z [INFO]: 📌 Pesan dipin di chat 859249044
2025-12-28T15:06:49.391Z [INFO]: ✅ Broadcast sukses ke 859249044
2025-12-28T15:06:50.626Z [INFO]: 📌 Pesan dipin di chat 1210833546
2025-12-28T15:06:50.626Z [INFO]: ✅ Broadcast sukses ke 1210833546
2025-12-28T15:06:51.834Z [INFO]: 📌 Pesan dipin di chat 5039581855
2025-12-28T15:06:51.834Z [INFO]: ✅ Broadcast sukses ke 5039581855
2025-12-28T15:06:53.046Z [INFO]: 📌 Pesan dipin di chat 6065984416
2025-12-28T15:06:53.046Z [INFO]: ✅ Broadcast sukses ke 6065984416
2025-12-28T15:06:54.262Z [INFO]: 📌 Pesan dipin di chat 6197482164
2025-12-28T15:06:54.262Z [INFO]: ✅ Broadcast sukses ke 6197482164
2025-12-28T15:06:55.491Z [INFO]: 📌 Pesan dipin di chat 6202490359
2025-12-28T15:06:55.491Z [INFO]: ✅ Broadcast sukses ke 6202490359
2025-12-28T15:06:56.705Z [INFO]: 📌 Pesan dipin di chat 6246224358
2025-12-28T15:06:56.705Z [INFO]: ✅ Broadcast sukses ke 6246224358
2025-12-28T15:06:57.941Z [INFO]: 📌 Pesan dipin di chat 6260838668
2025-12-28T15:06:57.942Z [INFO]: ✅ Broadcast sukses ke 6260838668
2025-12-28T15:06:59.213Z [INFO]: 📌 Pesan dipin di chat 6455866147
2025-12-28T15:06:59.213Z [INFO]: ✅ Broadcast sukses ke 6455866147
2025-12-28T15:07:00.587Z [INFO]: 📌 Pesan dipin di chat 6503708777
2025-12-28T15:07:00.587Z [INFO]: ✅ Broadcast sukses ke 6503708777
2025-12-28T15:07:01.820Z [INFO]: 📌 Pesan dipin di chat 6552411421
2025-12-28T15:07:01.820Z [INFO]: ✅ Broadcast sukses ke 6552411421
2025-12-28T15:07:03.044Z [INFO]: 📌 Pesan dipin di chat 6711915076
2025-12-28T15:07:03.044Z [INFO]: ✅ Broadcast sukses ke 6711915076
2025-12-28T15:07:03.961Z [WARN]: 🚫 User 6984017410 blokir bot / belum start
2025-12-28T15:07:05.393Z [INFO]: 📌 Pesan dipin di chat 7102577443
2025-12-28T15:07:05.393Z [INFO]: ✅ Broadcast sukses ke 7102577443
2025-12-28T15:07:06.609Z [INFO]: 📌 Pesan dipin di chat 7314762219
2025-12-28T15:07:06.610Z [INFO]: ✅ Broadcast sukses ke 7314762219
2025-12-28T15:07:07.846Z [INFO]: 📌 Pesan dipin di chat 7446261712
2025-12-28T15:07:07.846Z [INFO]: ✅ Broadcast sukses ke 7446261712
2025-12-28T15:07:09.057Z [INFO]: 📌 Pesan dipin di chat 8307841425
2025-12-28T15:07:09.057Z [INFO]: ✅ Broadcast sukses ke 8307841425
2025-12-28T15:07:10.269Z [INFO]: 📌 Pesan dipin di chat 8515791037
2025-12-28T15:07:10.269Z [INFO]: ✅ Broadcast sukses ke 8515791037
2025-12-28T15:07:15.209Z [INFO]: 📥 Perintah /start atau /menu diterima
2025-12-28T15:07:15.698Z [INFO]: ℹ️ User ID 6202490359 sudah ada
2025-12-28T15:07:16.035Z [INFO]: 🧹 Menu lama user 6202490359 dihapus
2025-12-28T15:07:16.781Z [INFO]: ✅ Menu utama baru dikirim untuk user 6202490359
2025-12-28T15:07:19.367Z [INFO]: renew service menu sent
2025-12-28T15:07:21.254Z [INFO]: Memulai proses renew untuk vmess di halaman 1
2025-12-28T15:07:26.830Z [INFO]: Memulai proses renew untuk vmess di halaman 2
2025-12-28T15:07:31.071Z [INFO]: Memulai proses renew untuk vmess di halaman 1
2025-12-28T15:09:09.402Z [INFO]: 📥 Perintah /start atau /menu diterima
2025-12-28T15:09:09.898Z [INFO]: ℹ️ User ID 6246224358 sudah ada
2025-12-28T15:09:10.231Z [INFO]: 🧹 Menu lama user 6246224358 dihapus
2025-12-28T15:09:10.961Z [INFO]: ✅ Menu utama baru dikirim untuk user 6246224358
2025-12-28T15:21:32.258Z [INFO]: 📥 Perintah /start atau /menu diterima
2025-12-28T15:21:32.747Z [INFO]: ℹ️ User ID 6455866147 sudah ada
2025-12-28T15:21:33.076Z [INFO]: 🧹 Menu lama user 6455866147 dihapus
2025-12-28T15:21:33.795Z [INFO]: ✅ Menu utama baru dikirim untuk user 6455866147
2025-12-28T15:21:35.708Z [INFO]: create service menu sent
2025-12-28T15:21:38.384Z [INFO]: Memulai proses create untuk vmess di halaman 1
2025-12-28T15:21:45.132Z [INFO]: Memulai proses create untuk vmess di halaman 2
2025-12-28T15:21:56.286Z [INFO]: Memulai proses create untuk vmess di halaman 1
2025-12-28T16:06:36.615Z [INFO]: 📥 Perintah /start atau /menu diterima
2025-12-28T16:06:37.846Z [INFO]: ℹ️ User ID 6711915076 sudah ada
2025-12-28T16:06:38.179Z [INFO]: 🧹 Menu lama user 6711915076 dihapus
2025-12-28T16:06:38.919Z [INFO]: ✅ Menu utama baru dikirim untuk user 6711915076
2025-12-28T16:06:42.127Z [INFO]: trial service menu sent
2025-12-28T16:06:43.315Z [INFO]: Memulai proses trial untuk ssh di halaman 1
2025-12-28T16:06:44.961Z [INFO]: Memulai proses trial untuk ssh di halaman 2
2025-12-28T16:06:51.420Z [INFO]: 🧹 Menu lama user 6711915076 dihapus (kembali ke menu utama)
2025-12-28T16:06:51.910Z [INFO]: ℹ️ Edit message diabaikan untuk user 6711915076, kirim ulang menu baru
2025-12-28T16:06:52.292Z [INFO]: ✅ Menu utama baru dikirim untuk user 6711915076
2025-12-28T16:06:52.292Z [INFO]: ✅ Menu utama baru dikirim ke user 6711915076
2025-12-28T16:21:05.392Z [INFO]: 📥 Perintah /start atau /menu diterima
2025-12-28T16:21:21.517Z [INFO]: 📥 Perintah /start atau /menu diterima
2025-12-28T16:21:22.208Z [INFO]: ℹ️ User ID 6197482164 sudah ada
2025-12-28T16:21:22.740Z [INFO]: 🧹 Menu lama user 6197482164 dihapus
2025-12-28T16:21:23.476Z [INFO]: ✅ Menu utama baru dikirim untuk user 6197482164
2025-12-28T16:25:15.532Z [INFO]: 📥 Perintah /start atau /menu diterima
2025-12-28T16:25:16.017Z [INFO]: ℹ️ User ID 6197482164 sudah ada
2025-12-28T16:25:16.351Z [INFO]: 🧹 Menu lama user 6197482164 dihapus
2025-12-28T16:25:17.068Z [INFO]: ✅ Menu utama baru dikirim untuk user 6197482164
2025-12-28T16:26:04.722Z [INFO]: trial service menu sent
2025-12-28T16:26:06.797Z [INFO]: Memulai proses trial untuk ssh di halaman 1
2025-12-28T16:26:11.966Z [INFO]: Memulai proses trial untuk ssh di halaman 2
2025-12-28T16:26:13.849Z [INFO]: Memulai proses trial untuk ssh di halaman 1
2025-12-28T16:26:38.123Z [INFO]: Memulai proses trial untuk ssh di halaman 2
2025-12-28T16:31:58.363Z [INFO]: 📥 Perintah /start atau /menu diterima
2025-12-28T16:31:58.861Z [INFO]: ℹ️ User ID 6197482164 sudah ada
2025-12-28T16:31:59.248Z [INFO]: 🧹 Menu lama user 6197482164 dihapus
2025-12-28T16:31:59.975Z [INFO]: ✅ Menu utama baru dikirim untuk user 6197482164
2025-12-28T16:51:46.595Z [INFO]: 📥 Perintah /start atau /menu diterima
2025-12-28T16:54:34.051Z [INFO]: 📥 Perintah /start atau /menu diterima
2025-12-28T16:54:37.666Z [INFO]: 📥 Perintah /start atau /menu diterima
2025-12-28T16:54:58.681Z [INFO]: ✅ Menu utama diedit untuk user 6170673091
2025-12-28T16:55:03.106Z [INFO]: trial service menu sent
2025-12-28T16:55:05.831Z [INFO]: Memulai proses trial untuk vmess di halaman 1
2025-12-28T17:06:16.244Z [INFO]: trial service menu sent
2025-12-28T17:06:17.481Z [INFO]: Memulai proses trial untuk ssh di halaman 1
2025-12-28T17:06:18.790Z [INFO]: Memulai proses trial untuk ssh di halaman 2
2025-12-28T17:56:27.739Z [INFO]: 📥 Perintah /start atau /menu diterima
2025-12-28T17:56:28.400Z [INFO]: ℹ️ User ID 6711915076 sudah ada
2025-12-28T17:56:28.727Z [INFO]: 🧹 Menu lama user 6711915076 dihapus
2025-12-28T17:56:29.452Z [INFO]: ✅ Menu utama baru dikirim untuk user 6711915076
2025-12-28T17:56:33.802Z [INFO]: create service menu sent
2025-12-28T17:56:34.604Z [INFO]: Memulai proses create untuk ssh di halaman 1
2025-12-28T17:56:36.679Z [INFO]: Memulai proses create untuk ssh di halaman 2
2025-12-28T17:56:58.334Z [INFO]: 📩 Input teks dari 6711915076: trial5421
2025-12-28T17:57:06.953Z [INFO]: 📩 Input teks dari 6711915076: orderyuk
2025-12-28T17:57:09.618Z [INFO]: 📩 Input teks dari 6711915076: 1
2025-12-28T17:57:09.965Z [INFO]: Mencoba create ssh untuk user 6711915076 di server BIZNET 2DEV🇮🇩
2025-12-28T17:57:12.690Z [INFO]: ✅ Aksi Buat Akun ssh berhasil untuk user 6711915076.
2025-12-28T17:57:13.041Z [INFO]: ✅ Saldo Rp363 berhasil dikurangi untuk user 6711915076 (Buat Akun ssh)
2025-12-28T17:57:13.060Z [INFO]: ✅ Log penjualan dicatat: 6711915076 - ssh - create - Rp363 - Role: member
2025-12-28T17:57:14.298Z [INFO]: ✅ Log transaksi #19 dikirim ke grup -1002076809846
2025-12-28T17:57:14.298Z [INFO]: ✅ afterAccountTransaction selesai untuk user 6711915076, transaksi #19
2025-12-28T17:57:17.131Z [INFO]: 📥 Perintah /start atau /menu diterima
2025-12-28T17:57:17.621Z [INFO]: ℹ️ User ID 6711915076 sudah ada
2025-12-28T17:57:17.951Z [INFO]: 🧹 Menu lama user 6711915076 dihapus
2025-12-28T17:57:18.479Z [INFO]: ✅ Menu utama baru dikirim untuk user 6711915076
2025-12-28T18:12:43.712Z [INFO]: create service menu sent
2025-12-28T18:12:44.661Z [INFO]: Memulai proses create untuk ssh di halaman 1
2025-12-28T18:13:09.657Z [INFO]: 📩 Input teks dari 6711915076: test
2025-12-28T18:13:14.362Z [INFO]: 📩 Input teks dari 6711915076: 1
2025-12-28T18:13:17.276Z [INFO]: 📩 Input teks dari 6711915076: 1
2025-12-28T18:13:17.635Z [INFO]: Mencoba create ssh untuk user 6711915076 di server RUMAH WEB 1DEV🇮🇩
2025-12-28T18:13:24.978Z [INFO]: ✅ Aksi Buat Akun ssh berhasil untuk user 6711915076.
2025-12-28T18:13:25.669Z [INFO]: ✅ Saldo Rp105 berhasil dikurangi untuk user 6711915076 (Buat Akun ssh)
2025-12-28T18:13:25.689Z [INFO]: ✅ Log penjualan dicatat: 6711915076 - ssh - create - Rp105 - Role: member
2025-12-28T18:13:26.866Z [INFO]: ✅ Log transaksi #20 dikirim ke grup -1002076809846
2025-12-28T18:13:26.866Z [INFO]: ✅ afterAccountTransaction selesai untuk user 6711915076, transaksi #20
2025-12-28T18:14:55.847Z [INFO]: 📥 Perintah /start atau /menu diterima
2025-12-28T18:14:56.348Z [INFO]: ℹ️ User ID 6711915076 sudah ada
2025-12-28T18:14:56.703Z [INFO]: 🧹 Menu lama user 6711915076 dihapus
2025-12-28T18:14:57.424Z [INFO]: ✅ Menu utama baru dikirim untuk user 6711915076
2025-12-28T18:15:00.760Z [INFO]: trial service menu sent
2025-12-28T18:15:05.785Z [INFO]: Memulai proses trial untuk ssh di halaman 1
2025-12-28T18:15:09.226Z [INFO]: Memulai proses trial untuk ssh di halaman 2
2025-12-28T18:15:12.827Z [INFO]: Memulai proses trial untuk ssh di halaman 1
2025-12-28T18:15:22.889Z [INFO]: 🧹 Menu lama user 6711915076 dihapus (kembali ke menu utama)
2025-12-28T18:15:23.399Z [INFO]: ℹ️ Edit message diabaikan untuk user 6711915076, kirim ulang menu baru
2025-12-28T18:15:23.769Z [INFO]: ✅ Menu utama baru dikirim untuk user 6711915076
2025-12-28T18:15:23.769Z [INFO]: ✅ Menu utama baru dikirim ke user 6711915076
2025-12-28T18:15:26.887Z [INFO]: create service menu sent
2025-12-28T18:15:28.145Z [INFO]: Memulai proses create untuk ssh di halaman 1
2025-12-28T18:15:34.573Z [INFO]: 📩 Input teks dari 6711915076: backup
2025-12-28T18:15:37.736Z [INFO]: 📩 Input teks dari 6711915076: goku
2025-12-28T18:15:40.499Z [INFO]: 📩 Input teks dari 6711915076: 1
2025-12-28T18:15:40.856Z [INFO]: Mencoba create ssh untuk user 6711915076 di server NEWMEDIA - 1DEV🇸🇬
2025-12-28T18:15:42.474Z [INFO]: ✅ Aksi Buat Akun ssh berhasil untuk user 6711915076.
2025-12-28T18:15:42.832Z [INFO]: ✅ Saldo Rp145 berhasil dikurangi untuk user 6711915076 (Buat Akun ssh)
2025-12-28T18:15:42.837Z [INFO]: ✅ Log penjualan dicatat: 6711915076 - ssh - create - Rp145 - Role: member
2025-12-28T18:15:44.015Z [INFO]: ✅ Log transaksi #21 dikirim ke grup -1002076809846
2025-12-28T18:15:44.015Z [INFO]: ✅ afterAccountTransaction selesai untuk user 6711915076, transaksi #21
2025-12-28T18:15:52.109Z [INFO]: 📥 Perintah /start atau /menu diterima
2025-12-28T18:15:52.608Z [INFO]: ℹ️ User ID 6711915076 sudah ada
2025-12-28T18:15:52.946Z [INFO]: 🧹 Menu lama user 6711915076 dihapus
2025-12-28T18:15:53.484Z [INFO]: ✅ Menu utama baru dikirim untuk user 6711915076
2025-12-28T18:16:02.253Z [INFO]: create service menu sent
2025-12-28T18:16:03.241Z [INFO]: Memulai proses create untuk ssh di halaman 1
2025-12-28T18:16:20.438Z [INFO]: 🧹 Menu lama user 6711915076 dihapus (kembali ke menu utama)
2025-12-28T18:16:21.143Z [INFO]: ℹ️ Edit message diabaikan untuk user 6711915076, kirim ulang menu baru
2025-12-28T18:16:21.527Z [INFO]: ✅ Menu utama baru dikirim untuk user 6711915076
2025-12-28T18:16:21.527Z [INFO]: ✅ Menu utama baru dikirim ke user 6711915076
2025-12-28T18:36:36.797Z [INFO]: 📥 Perintah /start atau /menu diterima
2025-12-28T18:36:36.798Z [INFO]: Admin menu requested
2025-12-28T18:57:07.753Z [INFO]: 📥 Perintah /start atau /menu diterima
2025-12-28T18:57:33.323Z [INFO]: ✅ Menu utama diedit untuk user 1999968178
2025-12-28T18:57:38.778Z [INFO]: 📥 Perintah /start atau /menu diterima
2025-12-28T18:57:39.293Z [INFO]: ✅ User ID 1999968178 berhasil disimpan
2025-12-28T18:57:39.641Z [INFO]: 🧹 Menu lama user 1999968178 dihapus
2025-12-28T18:57:40.190Z [INFO]: ✅ Menu utama baru dikirim untuk user 1999968178
2025-12-28T18:57:58.195Z [INFO]: 📥 Perintah /start atau /menu diterima
2025-12-28T18:57:58.703Z [INFO]: ℹ️ User ID 1999968178 sudah ada
2025-12-28T18:57:59.044Z [INFO]: 🧹 Menu lama user 1999968178 dihapus
2025-12-28T18:57:59.581Z [INFO]: ✅ Menu utama baru dikirim untuk user 1999968178
2025-12-28T18:58:23.087Z [INFO]: trial service menu sent
2025-12-28T18:58:27.413Z [INFO]: Memulai proses trial untuk vless di halaman 1
2025-12-28T19:00:01.668Z [INFO]: 📥 Perintah /start atau /menu diterima
2025-12-28T19:00:02.398Z [INFO]: ℹ️ User ID 6711915076 sudah ada
2025-12-28T19:00:02.980Z [INFO]: 🧹 Menu lama user 6711915076 dihapus
2025-12-28T19:00:03.741Z [INFO]: ✅ Menu utama baru dikirim untuk user 6711915076
2025-12-28T19:02:34.796Z [INFO]: create service menu sent
2025-12-28T19:02:35.676Z [INFO]: Memulai proses create untuk ssh di halaman 1
2025-12-28T19:02:38.963Z [INFO]: Memulai proses create untuk ssh di halaman 2
2025-12-28T19:02:42.473Z [INFO]: Memulai proses create untuk ssh di halaman 1
2025-12-28T22:00:16.842Z [INFO]: Bot initialized
2025-12-28T22:00:16.844Z [INFO]: User state initialized
2025-12-28T22:00:16.859Z [INFO]: Express server listening on port 50123
2025-12-28T22:00:16.946Z [INFO]: ✅ Terhubung ke SQLite3
2025-12-28T22:00:16.953Z [INFO]: Pending deposit loaded:
2025-12-28T22:00:16.954Z [INFO]: ✅ Tabel bonus_config siap
2025-12-28T22:00:16.955Z [INFO]: ✅ Default bonus_config dijamin ada
2025-12-28T22:00:16.955Z [INFO]: ✅ Tabel bonus_log siap
2025-12-28T22:00:16.955Z [INFO]: ✅ Tabel pending_deposits siap
2025-12-28T22:00:16.956Z [INFO]: ✅ Tabel log_penjualan siap
2025-12-28T22:00:16.956Z [INFO]: ✅ Tabel unlimited_trial_users siap
2025-12-28T22:00:16.957Z [INFO]: ✅ Tabel ui_config siap
2025-12-28T22:00:16.957Z [INFO]: ✅ Default ui_config dijamin ada
2025-12-28T22:00:16.957Z [INFO]: ℹ️ Kolom show_sewa_script_button sudah tersedia di ui_config
2025-12-28T22:00:16.958Z [INFO]: ✅ Tabel reseller_config siap
2025-12-28T22:00:16.958Z [INFO]: ✅ Default reseller_config dijamin ada
2025-12-28T22:00:16.958Z [INFO]: ✅ Tabel topup_log siap
2025-12-28T22:00:16.959Z [INFO]: Server table created or already exists
2025-12-28T22:00:16.959Z [INFO]: Users table created or already exists
2025-12-28T22:00:37.128Z [INFO]: 📥 Perintah /start atau /menu diterima
2025-12-28T22:00:37.808Z [INFO]: ℹ️ User ID 6197482164 sudah ada
2025-12-28T22:00:38.599Z [INFO]: ✅ Menu utama baru dikirim untuk user 6197482164
2025-12-28T22:03:15.004Z [INFO]: 📩 Input teks dari 6202490359: Zalfa18
2025-12-28T22:03:26.081Z [INFO]: 📩 Input teks dari 6202490359: 3
2025-12-28T22:03:26.428Z [INFO]: Mencoba renew vmess untuk user 6202490359 di server NEWMEDIA - 1DEV🇸🇬
2025-12-28T22:03:27.443Z [WARN]: Aksi Perpanjang Akun vmess mengembalikan pesan gagal/error untuk user 6202490359: ❌ Gagal: Gagal memperbarui akun VMESS. Pastikan user masih ada.
2025-12-28T22:03:48.230Z [INFO]: ✅ Menu utama diedit untuk user 6202490359
2025-12-28T22:03:48.230Z [INFO]: ✅ Menu utama baru dikirim ke user 6202490359
2025-12-28T22:03:50.568Z [INFO]: create service menu sent
2025-12-28T22:03:52.253Z [INFO]: Memulai proses create untuk vmess di halaman 1
2025-12-28T22:04:05.109Z [INFO]: 📩 Input teks dari 6202490359: Zalfa18
2025-12-28T22:04:09.639Z [INFO]: 📩 Input teks dari 6202490359: 3
2025-12-28T22:04:09.994Z [INFO]: Mencoba create vmess untuk user 6202490359 di server NEWMEDIA - 1DEV🇸🇬
2025-12-28T22:04:13.066Z [INFO]: ✅ Aksi Buat Akun vmess berhasil untuk user 6202490359.
2025-12-28T22:04:13.410Z [INFO]: ✅ Saldo Rp435 berhasil dikurangi untuk user 6202490359 (Buat Akun vmess)
2025-12-28T22:04:13.417Z [INFO]: ✅ Log penjualan dicatat: 6202490359 - vmess - create - Rp435 - Role: member
2025-12-28T22:04:14.727Z [INFO]: ✅ Log transaksi #22 dikirim ke grup -1002076809846
2025-12-28T22:04:14.727Z [INFO]: ✅ afterAccountTransaction selesai untuk user 6202490359, transaksi #22
2025-12-28T22:07:48.040Z [INFO]: 📥 Perintah /start atau /menu diterima
2025-12-28T22:07:48.707Z [INFO]: ℹ️ User ID 7446261712 sudah ada
2025-12-28T22:07:49.426Z [INFO]: ✅ Menu utama baru dikirim untuk user 7446261712
2025-12-28T22:07:51.738Z [INFO]: trial service menu sent
2025-12-28T22:07:53.611Z [INFO]: Memulai proses trial untuk vmess di halaman 1
2025-12-28T22:08:10.187Z [INFO]: 📥 Perintah /start atau /menu diterima
2025-12-28T22:08:10.855Z [INFO]: ℹ️ User ID 6202490359 sudah ada
2025-12-28T22:08:11.186Z [INFO]: 🧹 Menu lama user 6202490359 dihapus
2025-12-28T22:08:11.730Z [INFO]: ✅ Menu utama baru dikirim untuk user 6202490359
2025-12-28T22:08:17.756Z [INFO]: trial service menu sent
2025-12-28T22:08:21.394Z [INFO]: Memulai proses trial untuk vmess di halaman 1
2025-12-28T22:13:25.451Z [INFO]: 📥 Perintah /start atau /menu diterima
2025-12-28T22:13:25.955Z [INFO]: ℹ️ User ID 6202490359 sudah ada
2025-12-28T22:13:26.291Z [INFO]: 🧹 Menu lama user 6202490359 dihapus
2025-12-28T22:13:27.026Z [INFO]: ✅ Menu utama baru dikirim untuk user 6202490359
2025-12-28T22:13:30.458Z [INFO]: renew service menu sent
2025-12-28T22:13:32.184Z [INFO]: Memulai proses renew untuk vmess di halaman 1
2025-12-28T22:34:22.187Z [INFO]: 📥 Perintah /start atau /menu diterima
2025-12-29T00:49:36.910Z [INFO]: 🧹 Menu lama user 6202490359 dihapus (kembali ke menu utama)
2025-12-29T00:49:37.729Z [INFO]: ℹ️ Edit message diabaikan untuk user 6202490359, kirim ulang menu baru
2025-12-29T00:49:38.087Z [INFO]: ✅ Menu utama baru dikirim untuk user 6202490359
2025-12-29T00:49:38.088Z [INFO]: ✅ Menu utama baru dikirim ke user 6202490359
2025-12-29T00:49:43.261Z [INFO]: renew service menu sent
2025-12-29T00:49:45.436Z [INFO]: Memulai proses renew untuk vmess di halaman 1
2025-12-29T01:00:30.338Z [INFO]: 📥 Perintah /start atau /menu diterima
2025-12-29T01:00:30.995Z [INFO]: ℹ️ User ID 6246224358 sudah ada
2025-12-29T01:00:31.708Z [INFO]: ✅ Menu utama baru dikirim untuk user 6246224358
2025-12-29T01:00:36.016Z [INFO]: create service menu sent
2025-12-29T01:00:37.543Z [INFO]: 🧹 Menu lama user 6246224358 dihapus (kembali ke menu utama)
2025-12-29T01:00:38.037Z [INFO]: ℹ️ Edit message diabaikan untuk user 6246224358, kirim ulang menu baru
2025-12-29T01:00:38.397Z [INFO]: ✅ Menu utama baru dikirim untuk user 6246224358
2025-12-29T01:00:38.397Z [INFO]: ✅ Menu utama baru dikirim ke user 6246224358
2025-12-29T01:05:22.993Z [INFO]: trial service menu sent
2025-12-29T01:05:23.975Z [INFO]: Memulai proses trial untuk ssh di halaman 1
2025-12-29T01:12:58.963Z [INFO]: 📥 Perintah /start atau /menu diterima
2025-12-29T01:13:27.934Z [INFO]: ✅ Menu utama diedit untuk user 7103380149
2025-12-29T01:13:56.497Z [INFO]: trial service menu sent
2025-12-29T01:14:01.844Z [INFO]: Memulai proses trial untuk vmess di halaman 1
2025-12-29T01:14:12.440Z [INFO]: Memulai proses trial untuk vmess di halaman 2
2025-12-29T01:34:22.915Z [INFO]: 📥 Perintah /start atau /menu diterima
2025-12-29T01:34:23.579Z [INFO]: ℹ️ User ID 6197482164 sudah ada
2025-12-29T01:34:24.081Z [INFO]: 🧹 Menu lama user 6197482164 dihapus
2025-12-29T01:34:24.784Z [INFO]: ✅ Menu utama baru dikirim untuk user 6197482164
2025-12-29T01:37:25.461Z [INFO]: renew service menu sent
2025-12-29T01:37:27.742Z [INFO]: Memulai proses renew untuk ssh di halaman 1
2025-12-29T01:37:43.774Z [INFO]: Memulai proses renew untuk ssh di halaman 2
2025-12-29T01:38:26.533Z [INFO]: 📩 Input teks dari 6197482164: TrialSSH815
2025-12-29T01:38:29.870Z [INFO]: 📩 Input teks dari 6197482164: 1
2025-12-29T01:38:30.218Z [INFO]: Mencoba renew ssh untuk user 6197482164 di server BIZNET 2DEV🇮🇩
2025-12-29T01:38:32.005Z [WARN]: Aksi Perpanjang Akun ssh mengembalikan pesan gagal/error untuk user 6197482164: ❌ Gagal: RENEW SSH GAGAL: User tidak ditemukan

2025-12-29T01:41:55.233Z [INFO]: 📥 Perintah /start atau /menu diterima
2025-12-29T01:41:55.724Z [INFO]: ℹ️ User ID 6197482164 sudah ada
2025-12-29T01:41:56.054Z [INFO]: 🧹 Menu lama user 6197482164 dihapus
2025-12-29T01:41:56.755Z [INFO]: ✅ Menu utama baru dikirim untuk user 6197482164
2025-12-29T01:42:02.025Z [INFO]: renew service menu sent
2025-12-29T01:42:09.860Z [INFO]: Memulai proses renew untuk ssh di halaman 1
2025-12-29T01:42:17.431Z [INFO]: 🧹 Menu lama user 6197482164 dihapus (kembali ke menu utama)
2025-12-29T01:42:17.922Z [INFO]: ℹ️ Edit message diabaikan untuk user 6197482164, kirim ulang menu baru
2025-12-29T01:42:18.284Z [INFO]: ✅ Menu utama baru dikirim untuk user 6197482164
2025-12-29T01:42:18.284Z [INFO]: ✅ Menu utama baru dikirim ke user 6197482164
2025-12-29T01:44:00.689Z [INFO]: 📥 Perintah /start atau /menu diterima
2025-12-29T01:44:20.406Z [INFO]: ✅ Menu utama diedit untuk user 7873350342
2025-12-29T02:28:23.252Z [INFO]: 📥 Perintah /start atau /menu diterima
2025-12-29T02:29:51.614Z [INFO]: 📥 Perintah /start atau /menu diterima
2025-12-29T02:46:11.246Z [INFO]: 📥 Perintah /start atau /menu diterima
2025-12-29T02:46:11.915Z [INFO]: ℹ️ User ID 7446261712 sudah ada
2025-12-29T02:46:12.415Z [INFO]: 🧹 Menu lama user 7446261712 dihapus
2025-12-29T02:46:13.172Z [INFO]: ✅ Menu utama baru dikirim untuk user 7446261712
2025-12-29T02:59:10.673Z [INFO]: 🧹 Menu lama user 6202490359 dihapus (kembali ke menu utama)
2025-12-29T02:59:11.350Z [INFO]: ℹ️ Edit message diabaikan untuk user 6202490359, kirim ulang menu baru
2025-12-29T02:59:11.724Z [INFO]: ✅ Menu utama baru dikirim untuk user 6202490359
2025-12-29T02:59:11.724Z [INFO]: ✅ Menu utama baru dikirim ke user 6202490359
2025-12-29T02:59:16.514Z [INFO]: create service menu sent
2025-12-29T02:59:18.433Z [INFO]: Memulai proses create untuk vmess di halaman 1
2025-12-29T02:59:23.103Z [INFO]: Memulai proses create untuk vmess di halaman 2
2025-12-29T02:59:49.723Z [INFO]: 📩 Input teks dari 6202490359: likennw
2025-12-29T02:59:54.957Z [INFO]: 📩 Input teks dari 6202490359: 7
2025-12-29T02:59:55.302Z [INFO]: Mencoba create vmess untuk user 6202490359 di server DENEVA 1DEV🇮🇩
2025-12-29T03:00:00.534Z [INFO]: ✅ Aksi Buat Akun vmess berhasil untuk user 6202490359.
2025-12-29T03:00:01.387Z [INFO]: ✅ Saldo Rp847 berhasil dikurangi untuk user 6202490359 (Buat Akun vmess)
2025-12-29T03:00:01.429Z [INFO]: ✅ Log penjualan dicatat: 6202490359 - vmess - create - Rp847 - Role: member
2025-12-29T03:00:02.738Z [INFO]: ✅ Log transaksi #23 dikirim ke grup -1002076809846
2025-12-29T03:00:02.738Z [INFO]: ✅ afterAccountTransaction selesai untuk user 6202490359, transaksi #23
2025-12-29T03:02:00.665Z [INFO]: renew service menu sent
2025-12-29T03:02:04.525Z [INFO]: Memulai proses renew untuk ssh di halaman 1
2025-12-29T03:02:26.840Z [INFO]: 📩 Input teks dari 6711915076: testSSH580
2025-12-29T03:02:33.416Z [INFO]: ✅ Menu utama diedit untuk user 6711915076
2025-12-29T03:02:33.416Z [INFO]: ✅ Menu utama baru dikirim ke user 6711915076
2025-12-29T03:05:01.329Z [INFO]: 📥 Perintah /start atau /menu diterima
2025-12-29T03:05:02.000Z [INFO]: ℹ️ User ID 6202490359 sudah ada
2025-12-29T03:05:02.332Z [INFO]: 🧹 Menu lama user 6202490359 dihapus
2025-12-29T03:05:03.059Z [INFO]: ✅ Menu utama baru dikirim untuk user 6202490359
2025-12-29T03:05:26.629Z [INFO]: create service menu sent
2025-12-29T03:05:32.775Z [INFO]: Memulai proses create untuk vmess di halaman 1
2025-12-29T03:06:05.793Z [INFO]: 📩 Input teks dari 6202490359: Safdifinibun
2025-12-29T03:06:14.718Z [INFO]: 📩 Input teks dari 6202490359: 30
2025-12-29T03:06:15.063Z [INFO]: Mencoba create vmess untuk user 6202490359 di server RUMAH WEB 2DEV🇮🇩
2025-12-29T03:06:22.200Z [INFO]: ✅ Aksi Buat Akun vmess berhasil untuk user 6202490359.
2025-12-29T03:06:22.544Z [INFO]: ✅ Saldo Rp9000 berhasil dikurangi untuk user 6202490359 (Buat Akun vmess)
2025-12-29T03:06:22.554Z [INFO]: ✅ Log penjualan dicatat: 6202490359 - vmess - create - Rp9000 - Role: member
2025-12-29T03:06:23.718Z [INFO]: ✅ Log transaksi #24 dikirim ke grup -1002076809846
2025-12-29T03:06:23.718Z [INFO]: ✅ afterAccountTransaction selesai untuk user 6202490359, transaksi #24
2025-12-29T03:06:47.137Z [INFO]: 📥 Perintah /start atau /menu diterima
2025-12-29T03:06:47.623Z [INFO]: ℹ️ User ID 6202490359 sudah ada
2025-12-29T03:06:47.963Z [INFO]: 🧹 Menu lama user 6202490359 dihapus
2025-12-29T03:06:48.674Z [INFO]: ✅ Menu utama baru dikirim untuk user 6202490359
2025-12-29T03:09:21.439Z [INFO]: 📥 Perintah /start atau /menu diterima
2025-12-29T03:09:22.110Z [INFO]: ✅ User ID 7103380149 berhasil disimpan
2025-12-29T03:09:22.442Z [INFO]: 🧹 Menu lama user 7103380149 dihapus
2025-12-29T03:09:23.157Z [INFO]: ✅ Menu utama baru dikirim untuk user 7103380149
2025-12-29T03:09:29.415Z [INFO]: create service menu sent
2025-12-29T03:09:32.643Z [INFO]: Memulai proses create untuk vmess di halaman 1
2025-12-29T03:09:40.627Z [INFO]: 📩 Input teks dari 7103380149: Vpn1
2025-12-29T03:09:46.330Z [INFO]: 📩 Input teks dari 7103380149: 30
2025-12-29T03:11:00.217Z [INFO]: 🧹 Menu lama user 7103380149 dihapus (kembali ke menu utama)
2025-12-29T03:11:00.898Z [INFO]: ℹ️ Edit message diabaikan untuk user 7103380149, kirim ulang menu baru
2025-12-29T03:11:01.270Z [INFO]: ✅ Menu utama baru dikirim untuk user 7103380149
2025-12-29T03:11:01.271Z [INFO]: ✅ Menu utama baru dikirim ke user 7103380149
2025-12-29T03:13:48.447Z [INFO]: 📩 Input teks dari 5039581855: laris manis
2025-12-29T03:15:29.994Z [INFO]: 📥 Perintah /start atau /menu diterima
2025-12-29T03:51:31.039Z [INFO]: 📥 Perintah /start atau /menu diterima
2025-12-29T03:51:31.700Z [INFO]: ℹ️ User ID 6246224358 sudah ada
2025-12-29T03:51:32.223Z [INFO]: 🧹 Menu lama user 6246224358 dihapus
2025-12-29T03:51:32.957Z [INFO]: ✅ Menu utama baru dikirim untuk user 6246224358
2025-12-29T03:51:36.524Z [INFO]: trial service menu sent
2025-12-29T03:51:37.325Z [INFO]: Memulai proses trial untuk ssh di halaman 1
2025-12-29T03:51:40.491Z [INFO]: Memulai proses trial untuk ssh di halaman 2
2025-12-29T03:51:43.207Z [INFO]: Memulai proses trial untuk ssh di halaman 1
2025-12-29T03:54:58.713Z [INFO]: 📩 Input teks dari 6246224358: Newmedia.klmpkfsvpn.me:80@TrialSSH402:orderyuk
2025-12-29T03:58:47.561Z [INFO]: 📥 Perintah /start atau /menu diterima
2025-12-29T03:58:48.048Z [INFO]: ℹ️ User ID 6246224358 sudah ada
2025-12-29T03:58:48.378Z [INFO]: 🧹 Menu lama user 6246224358 dihapus
2025-12-29T03:58:49.175Z [INFO]: ✅ Menu utama baru dikirim untuk user 6246224358
2025-12-29T03:58:52.286Z [INFO]: trial service menu sent
2025-12-29T03:58:53.155Z [INFO]: Memulai proses trial untuk ssh di halaman 1
2025-12-29T04:00:47.398Z [INFO]: 📥 Perintah /start atau /menu diterima
2025-12-29T04:00:48.058Z [INFO]: ℹ️ User ID 6711915076 sudah ada
2025-12-29T04:00:48.388Z [INFO]: 🧹 Menu lama user 6711915076 dihapus
2025-12-29T04:00:49.098Z [INFO]: ✅ Menu utama baru dikirim untuk user 6711915076
2025-12-29T04:01:17.367Z [INFO]: 📥 Perintah /start atau /menu diterima
2025-12-29T04:01:17.857Z [INFO]: ℹ️ User ID 6246224358 sudah ada
2025-12-29T04:01:18.186Z [INFO]: 🧹 Menu lama user 6246224358 dihapus
2025-12-29T04:01:18.715Z [INFO]: ✅ Menu utama baru dikirim untuk user 6246224358
2025-12-29T04:01:27.940Z [INFO]: create service menu sent
2025-12-29T04:01:28.986Z [INFO]: Memulai proses create untuk ssh di halaman 1
2025-12-29T04:01:52.523Z [INFO]: 📩 Input teks dari 6246224358: Pitung
2025-12-29T04:01:57.376Z [INFO]: 📩 Input teks dari 6246224358: Pitung
2025-12-29T04:02:22.426Z [INFO]: 📩 Input teks dari 6246224358: 10
2025-12-29T04:02:22.781Z [INFO]: Mencoba create ssh untuk user 6246224358 di server RUMAH WEB 1DEV🇮🇩
2025-12-29T04:02:30.006Z [INFO]: ✅ Aksi Buat Akun ssh berhasil untuk user 6246224358.
2025-12-29T04:02:30.670Z [INFO]: ✅ Saldo Rp1050 berhasil dikurangi untuk user 6246224358 (Buat Akun ssh)
2025-12-29T04:02:30.688Z [INFO]: ✅ Log penjualan dicatat: 6246224358 - ssh - create - Rp1050 - Role: member
2025-12-29T04:02:31.923Z [INFO]: ✅ Log transaksi #25 dikirim ke grup -1002076809846
2025-12-29T04:02:31.923Z [INFO]: ✅ afterAccountTransaction selesai untuk user 6246224358, transaksi #25
2025-12-29T04:45:11.918Z [INFO]: ✅ Menu utama diedit untuk user 8307841425
2025-12-29T04:45:11.918Z [INFO]: ✅ Menu utama baru dikirim ke user 8307841425
2025-12-29T04:45:14.808Z [INFO]: create service menu sent
2025-12-29T04:45:17.453Z [INFO]: 🧹 Menu lama user 8307841425 dihapus (kembali ke menu utama)
2025-12-29T04:45:17.944Z [INFO]: ℹ️ Edit message diabaikan untuk user 8307841425, kirim ulang menu baru
2025-12-29T04:45:18.308Z [INFO]: ✅ Menu utama baru dikirim untuk user 8307841425
2025-12-29T04:45:18.308Z [INFO]: ✅ Menu utama baru dikirim ke user 8307841425
2025-12-29T04:45:27.394Z [INFO]: create service menu sent
2025-12-29T04:45:32.429Z [INFO]: Memulai proses create untuk ssh di halaman 1
2025-12-29T04:45:46.563Z [INFO]: 📩 Input teks dari 8307841425: Dhfbfhb
2025-12-29T04:45:50.120Z [INFO]: 📩 Input teks dari 8307841425: Gcbfjbb
2025-12-29T04:45:52.907Z [INFO]: 📩 Input teks dari 8307841425: 1
2025-12-29T04:45:53.264Z [INFO]: Mencoba create ssh untuk user 8307841425 di server RUMAH WEB 1DEV🇮🇩
2025-12-29T04:46:00.664Z [INFO]: ✅ Aksi Buat Akun ssh berhasil untuk user 8307841425.
2025-12-29T04:46:01.006Z [INFO]: ✅ Saldo Rp105 berhasil dikurangi untuk user 8307841425 (Buat Akun ssh)
2025-12-29T04:46:01.012Z [INFO]: ✅ Log penjualan dicatat: 8307841425 - ssh - create - Rp105 - Role: member
2025-12-29T04:46:02.271Z [INFO]: ✅ Log transaksi #26 dikirim ke grup -1002076809846
2025-12-29T04:46:02.272Z [INFO]: ✅ afterAccountTransaction selesai untuk user 8307841425, transaksi #26
2025-12-29T05:20:02.968Z [INFO]: 📥 Perintah /start atau /menu diterima
2025-12-29T05:20:19.342Z [INFO]: ✅ Menu utama diedit untuk user 777362480
2025-12-29T05:20:22.615Z [INFO]: create service menu sent
2025-12-29T05:20:25.584Z [INFO]: Memulai proses create untuk vless di halaman 1
2025-12-29T05:20:32.093Z [INFO]: Memulai proses create untuk vless di halaman 2
2025-12-29T05:20:48.628Z [INFO]: 📩 Input teks dari 777362480: Dodo
2025-12-29T05:20:55.873Z [INFO]: 📩 Input teks dari 777362480: 5
2025-12-29T05:21:02.752Z [INFO]: 📥 Perintah /start atau /menu diterima
2025-12-29T05:21:03.251Z [INFO]: ✅ User ID 777362480 berhasil disimpan
2025-12-29T05:21:03.578Z [INFO]: 🧹 Menu lama user 777362480 dihapus
2025-12-29T05:21:04.110Z [INFO]: ✅ Menu utama baru dikirim untuk user 777362480
2025-12-29T05:21:11.550Z [INFO]: trial service menu sent
2025-12-29T05:21:13.234Z [INFO]: Memulai proses trial untuk vless di halaman 1
2025-12-29T05:41:17.186Z [INFO]: 📥 Perintah /start atau /menu diterima
2025-12-29T05:41:17.675Z [INFO]: ℹ️ User ID 777362480 sudah ada
2025-12-29T05:41:18.117Z [INFO]: 🧹 Menu lama user 777362480 dihapus
2025-12-29T05:41:18.845Z [INFO]: ✅ Menu utama baru dikirim untuk user 777362480
2025-12-29T05:41:22.145Z [INFO]: trial service menu sent
2025-12-29T05:41:25.569Z [INFO]: Memulai proses trial untuk vless di halaman 1
2025-12-29T05:41:35.617Z [INFO]: Memulai proses trial untuk vless di halaman 2
2025-12-29T05:41:37.510Z [INFO]: Memulai proses trial untuk vless di halaman 1
2025-12-29T05:41:39.799Z [INFO]: 🧹 Menu lama user 777362480 dihapus (kembali ke menu utama)
2025-12-29T05:41:40.290Z [INFO]: ℹ️ Edit message diabaikan untuk user 777362480, kirim ulang menu baru
2025-12-29T05:41:40.664Z [INFO]: ✅ Menu utama baru dikirim untuk user 777362480
2025-12-29T05:41:40.664Z [INFO]: ✅ Menu utama baru dikirim ke user 777362480
2025-12-29T05:41:47.363Z [INFO]: create service menu sent
2025-12-29T05:41:48.680Z [INFO]: Memulai proses create untuk vless di halaman 1
2025-12-29T05:41:54.214Z [INFO]: 📩 Input teks dari 777362480: Dodo
2025-12-29T05:41:58.428Z [INFO]: 📩 Input teks dari 777362480: 10
2025-12-29T05:49:05.238Z [INFO]: 📥 Perintah /start atau /menu diterima
2025-12-29T05:49:25.296Z [INFO]: ✅ Menu utama diedit untuk user 8244898088
2025-12-29T05:49:31.099Z [INFO]: trial service menu sent
2025-12-29T05:49:32.902Z [INFO]: Memulai proses trial untuk ssh di halaman 1
2025-12-29T06:01:44.230Z [INFO]: 📥 Perintah /start atau /menu diterima
2025-12-29T06:01:44.729Z [INFO]: ✅ User ID 8244898088 berhasil disimpan
2025-12-29T06:01:45.058Z [INFO]: 🧹 Menu lama user 8244898088 dihapus
2025-12-29T06:01:45.772Z [INFO]: ✅ Menu utama baru dikirim untuk user 8244898088
2025-12-29T06:45:56.278Z [INFO]: trial service menu sent
2025-12-29T06:45:58.851Z [INFO]: Memulai proses trial untuk ssh di halaman 1
2025-12-29T06:56:02.661Z [INFO]: 📥 Perintah /start atau /menu diterima
2025-12-29T06:56:03.324Z [INFO]: ℹ️ User ID 6246224358 sudah ada
2025-12-29T06:56:03.834Z [INFO]: 🧹 Menu lama user 6246224358 dihapus
2025-12-29T06:56:04.560Z [INFO]: ✅ Menu utama baru dikirim untuk user 6246224358
2025-12-29T06:56:26.838Z [INFO]: trial service menu sent
2025-12-29T06:56:29.751Z [INFO]: Memulai proses trial untuk ssh di halaman 1
2025-12-29T06:56:32.059Z [INFO]: Memulai proses trial untuk ssh di halaman 2
2025-12-29T06:56:33.607Z [INFO]: Memulai proses trial untuk ssh di halaman 1
2025-12-29T07:06:08.325Z [INFO]: create service menu sent
2025-12-29T07:06:10.206Z [INFO]: Memulai proses create untuk vless di halaman 1
2025-12-29T07:06:27.741Z [INFO]: 📩 Input teks dari 6711915076: rumahweb
2025-12-29T07:06:34.084Z [INFO]: 📩 Input teks dari 6711915076: 2
2025-12-29T07:06:34.442Z [INFO]: Mencoba create vless untuk user 6711915076 di server RUMAH WEB 1DEV🇮🇩
2025-12-29T07:06:42.273Z [INFO]: ✅ Aksi Buat Akun vless berhasil untuk user 6711915076.
2025-12-29T07:06:42.610Z [INFO]: ✅ Saldo Rp210 berhasil dikurangi untuk user 6711915076 (Buat Akun vless)
2025-12-29T07:06:42.622Z [INFO]: ✅ Log penjualan dicatat: 6711915076 - vless - create - Rp210 - Role: member
2025-12-29T07:06:43.783Z [INFO]: ✅ Log transaksi #27 dikirim ke grup -1002076809846
2025-12-29T07:06:43.783Z [INFO]: ✅ afterAccountTransaction selesai untuk user 6711915076, transaksi #27
2025-12-29T07:13:57.998Z [INFO]: 📩 Input teks dari 6552411421: https://t.me/engselweb/10
2025-12-29T07:56:38.837Z [INFO]: 📩 Input teks dari 7446261712: Aamin mang😀
2025-12-29T07:59:02.304Z [INFO]: 📥 Perintah /start atau /menu diterima
2025-12-29T07:59:02.977Z [INFO]: ℹ️ User ID 6197482164 sudah ada
2025-12-29T07:59:03.489Z [INFO]: 🧹 Menu lama user 6197482164 dihapus
2025-12-29T07:59:04.209Z [INFO]: ✅ Menu utama baru dikirim untuk user 6197482164
2025-12-29T08:06:21.523Z [INFO]: Admin menu requested
2025-12-29T08:09:16.341Z [INFO]: 📥 Perintah /start atau /menu diterima
2025-12-29T08:09:17.156Z [INFO]: ℹ️ User ID 6197482164 sudah ada
2025-12-29T08:09:17.492Z [INFO]: 🧹 Menu lama user 6197482164 dihapus
2025-12-29T08:09:18.227Z [INFO]: ✅ Menu utama baru dikirim untuk user 6197482164
2025-12-29T08:11:00.039Z [INFO]: 📥 Perintah /start atau /menu diterima
2025-12-29T08:11:00.548Z [INFO]: ℹ️ User ID 6197482164 sudah ada
2025-12-29T08:11:00.884Z [INFO]: 🧹 Menu lama user 6197482164 dihapus
2025-12-29T08:11:01.817Z [INFO]: ✅ Menu utama baru dikirim untuk user 6197482164
2025-12-29T08:11:03.774Z [INFO]: trial service menu sent
2025-12-29T08:11:05.645Z [INFO]: Memulai proses trial untuk ssh di halaman 1
2025-12-29T08:11:07.689Z [INFO]: Memulai proses trial untuk ssh di halaman 2
2025-12-29T08:12:38.203Z [INFO]: 📥 Perintah /start atau /menu diterima
2025-12-29T08:12:38.888Z [INFO]: ℹ️ User ID 6246224358 sudah ada
2025-12-29T08:12:39.227Z [INFO]: 🧹 Menu lama user 6246224358 dihapus
2025-12-29T08:12:39.967Z [INFO]: ✅ Menu utama baru dikirim untuk user 6246224358
2025-12-29T08:17:00.128Z [INFO]: 📥 Perintah /start atau /menu diterima
2025-12-29T08:17:00.624Z [INFO]: ℹ️ User ID 6197482164 sudah ada
2025-12-29T08:17:00.954Z [INFO]: 🧹 Menu lama user 6197482164 dihapus
2025-12-29T08:17:01.686Z [INFO]: ✅ Menu utama baru dikirim untuk user 6197482164
2025-12-29T08:18:00.770Z [INFO]: 📥 Perintah /start atau /menu diterima
2025-12-29T08:18:01.263Z [INFO]: ℹ️ User ID 6246224358 sudah ada
2025-12-29T08:18:01.595Z [INFO]: 🧹 Menu lama user 6246224358 dihapus
2025-12-29T08:18:02.321Z [INFO]: ✅ Menu utama baru dikirim untuk user 6246224358
2025-12-29T08:18:08.369Z [INFO]: create service menu sent
2025-12-29T08:18:09.036Z [INFO]: Memulai proses create untuk ssh di halaman 1
2025-12-29T08:20:39.566Z [INFO]: Memulai proses create untuk ssh di halaman 2
2025-12-29T08:21:07.389Z [ERROR]: 🚨 unhandledRejection: FetchError: request to https://api.telegram.org/bot6995675547:[REDACTED]/editMessageText failed, reason: read ECONNRESET
    at ClientRequest.<anonymous> (/root/BotVPN2/node_modules/node-fetch/lib/index.js:1501:11)
    at ClientRequest.emit (node:events:524:28)
    at emitErrorEvent (node:_http_client:101:11)
    at TLSSocket.socketErrorListener (node:_http_client:504:5)
    at TLSSocket.emit (node:events:524:28)
    at emitErrorNT (node:internal/streams/destroy:169:8)
    at emitErrorCloseNT (node:internal/streams/destroy:128:3)
    at process.processTicksAndRejections (node:internal/process/task_queues:82:21)
2025-12-29T08:22:33.953Z [INFO]: 📥 Perintah /start atau /menu diterima
2025-12-29T08:22:34.495Z [INFO]: ℹ️ User ID 6246224358 sudah ada
2025-12-29T08:22:34.620Z [ERROR]: ❌ Gagal handle tombol send_main_menu untuk user 6246224358:
2025-12-29T08:22:34.840Z [INFO]: 🧹 Menu lama user 6246224358 dihapus
2025-12-29T08:22:35.622Z [INFO]: ✅ Menu utama baru dikirim untuk user 6246224358
2025-12-29T08:24:53.284Z [INFO]: 📥 Perintah /start atau /menu diterima
2025-12-29T08:24:53.800Z [INFO]: ℹ️ User ID 6246224358 sudah ada
2025-12-29T08:24:54.146Z [INFO]: 🧹 Menu lama user 6246224358 dihapus
2025-12-29T08:24:54.930Z [INFO]: ✅ Menu utama baru dikirim untuk user 6246224358
2025-12-29T08:24:58.048Z [INFO]: trial service menu sent
2025-12-29T08:24:58.921Z [INFO]: Memulai proses trial untuk ssh di halaman 1
2025-12-29T08:25:01.723Z [INFO]: Memulai proses trial untuk ssh di halaman 2
2025-12-29T08:25:03.851Z [INFO]: Memulai proses trial untuk ssh di halaman 1
2025-12-29T08:25:13.095Z [INFO]: 🧹 Menu lama user 6246224358 dihapus (kembali ke menu utama)
2025-12-29T08:25:13.622Z [INFO]: ℹ️ Edit message diabaikan untuk user 6246224358, kirim ulang menu baru
2025-12-29T08:25:13.991Z [INFO]: ✅ Menu utama baru dikirim untuk user 6246224358
2025-12-29T08:25:13.991Z [INFO]: ✅ Menu utama baru dikirim ke user 6246224358
2025-12-29T08:27:38.490Z [INFO]: trial service menu sent
2025-12-29T08:27:39.370Z [INFO]: Memulai proses trial untuk ssh di halaman 1
2025-12-29T08:27:41.388Z [INFO]: Memulai proses trial untuk ssh di halaman 2
2025-12-29T08:27:46.519Z [INFO]: 🧹 Menu lama user 6246224358 dihapus (kembali ke menu utama)
2025-12-29T08:27:47.238Z [INFO]: ℹ️ Edit message diabaikan untuk user 6246224358, kirim ulang menu baru
2025-12-29T08:27:47.846Z [INFO]: ✅ Menu utama baru dikirim untuk user 6246224358
2025-12-29T08:27:47.846Z [INFO]: ✅ Menu utama baru dikirim ke user 6246224358
2025-12-29T08:45:52.107Z [INFO]: Admin menu requested
2025-12-29T08:46:38.607Z [INFO]: 📜 Proses daftar server dimulai
2025-12-29T10:42:13.885Z [INFO]: 📥 Perintah /start atau /menu diterima
2025-12-29T10:42:14.555Z [INFO]: ℹ️ User ID 7103380149 sudah ada
2025-12-29T10:42:15.054Z [INFO]: 🧹 Menu lama user 7103380149 dihapus
2025-12-29T10:42:15.762Z [INFO]: ✅ Menu utama baru dikirim untuk user 7103380149
2025-12-29T10:42:22.524Z [INFO]: create service menu sent
2025-12-29T10:42:24.901Z [INFO]: Memulai proses create untuk vmess di halaman 1
2025-12-29T10:43:04.923Z [INFO]: 📩 Input teks dari 7103380149: Vmes1
2025-12-29T10:43:09.128Z [INFO]: 📩 Input teks dari 7103380149: 30
2025-12-29T10:43:27.705Z [INFO]: 📥 Perintah /start atau /menu diterima
2025-12-29T10:43:28.201Z [INFO]: ℹ️ User ID 7103380149 sudah ada
2025-12-29T10:43:28.530Z [INFO]: 🧹 Menu lama user 7103380149 dihapus
2025-12-29T10:43:29.246Z [INFO]: ✅ Menu utama baru dikirim untuk user 7103380149
2025-12-29T10:43:32.651Z [INFO]: trial service menu sent
2025-12-29T10:43:35.826Z [INFO]: Memulai proses trial untuk vmess di halaman 1
2025-12-29T10:46:49.201Z [INFO]: 📥 Perintah /start atau /menu diterima
2025-12-29T10:46:58.931Z [INFO]: ✅ Menu utama diedit untuk user 7761880504
2025-12-29T10:47:07.594Z [INFO]: create service menu sent
2025-12-29T10:47:11.296Z [INFO]: 🧹 Menu lama user 7761880504 dihapus (kembali ke menu utama)
2025-12-29T10:47:11.789Z [INFO]: ℹ️ Edit message diabaikan untuk user 7761880504, kirim ulang menu baru
2025-12-29T10:47:12.153Z [INFO]: ✅ Menu utama baru dikirim untuk user 7761880504
2025-12-29T10:47:12.153Z [INFO]: ✅ Menu utama baru dikirim ke user 7761880504
2025-12-29T10:49:19.270Z [INFO]: 📥 Perintah /start atau /menu diterima
2025-12-29T10:49:19.817Z [INFO]: ✅ User ID 7761880504 berhasil disimpan
2025-12-29T10:49:20.158Z [INFO]: 🧹 Menu lama user 7761880504 dihapus
2025-12-29T10:49:20.894Z [INFO]: ✅ Menu utama baru dikirim untuk user 7761880504
2025-12-29T10:49:34.493Z [INFO]: 🧹 Menu lama user 7761880504 dihapus (kembali ke menu utama)
2025-12-29T10:49:35.022Z [INFO]: ℹ️ Edit message diabaikan untuk user 7761880504, kirim ulang menu baru
2025-12-29T10:49:35.442Z [INFO]: ✅ Menu utama baru dikirim untuk user 7761880504
2025-12-29T10:49:35.442Z [INFO]: ✅ Menu utama baru dikirim ke user 7761880504
2025-12-29T10:49:39.368Z [INFO]: sewascript service menu sent
2025-12-29T11:10:59.918Z [INFO]: 📩 Input teks dari 7761880504: sakti
2025-12-29T11:51:05.328Z [INFO]: 📥 Perintah /start atau /menu diterima
2025-12-29T12:37:21.968Z [INFO]: 📥 Perintah /start atau /menu diterima
2025-12-29T12:37:40.626Z [INFO]: ✅ Menu utama diedit untuk user 7920874644
2025-12-29T12:37:42.894Z [INFO]: trial service menu sent
2025-12-29T12:37:45.841Z [INFO]: Memulai proses trial untuk ssh di halaman 1
2025-12-29T14:56:12.688Z [INFO]: trial service menu sent
2025-12-29T14:56:13.728Z [INFO]: Memulai proses trial untuk ssh di halaman 1
2025-12-29T14:56:16.006Z [INFO]: 🧹 Menu lama user 6246224358 dihapus (kembali ke menu utama)
2025-12-29T14:56:16.690Z [INFO]: ℹ️ Edit message diabaikan untuk user 6246224358, kirim ulang menu baru
2025-12-29T14:56:17.076Z [INFO]: ✅ Menu utama baru dikirim untuk user 6246224358
2025-12-29T14:56:17.076Z [INFO]: ✅ Menu utama baru dikirim ke user 6246224358
2025-12-29T14:56:20.537Z [INFO]: trial service menu sent
2025-12-29T14:56:21.612Z [INFO]: Memulai proses trial untuk vless di halaman 1
2025-12-29T14:59:53.655Z [INFO]: 📥 Perintah /start atau /menu diterima
2025-12-29T14:59:53.655Z [INFO]: 📥 Perintah /start atau /menu diterima
2025-12-29T14:59:54.329Z [INFO]: ℹ️ User ID 6197482164 sudah ada
2025-12-29T14:59:54.341Z [INFO]: ℹ️ User ID 6246224358 sudah ada
2025-12-29T14:59:54.667Z [INFO]: 🧹 Menu lama user 6246224358 dihapus
2025-12-29T14:59:54.868Z [INFO]: 🧹 Menu lama user 6197482164 dihapus
2025-12-29T14:59:55.404Z [INFO]: ✅ Menu utama baru dikirim untuk user 6197482164
2025-12-29T14:59:55.419Z [INFO]: ✅ Menu utama baru dikirim untuk user 6246224358
2025-12-29T15:00:28.899Z [INFO]: trial service menu sent
2025-12-29T15:00:30.206Z [INFO]: Memulai proses trial untuk ssh di halaman 1
2025-12-29T15:00:32.312Z [INFO]: 🧹 Menu lama user 6246224358 dihapus (kembali ke menu utama)
2025-12-29T15:00:32.802Z [INFO]: ℹ️ Edit message diabaikan untuk user 6246224358, kirim ulang menu baru
2025-12-29T15:00:33.184Z [INFO]: ✅ Menu utama baru dikirim untuk user 6246224358
2025-12-29T15:00:33.184Z [INFO]: ✅ Menu utama baru dikirim ke user 6246224358
2025-12-29T15:00:40.080Z [INFO]: trial service menu sent
2025-12-29T15:00:41.271Z [INFO]: Memulai proses trial untuk vless di halaman 1
2025-12-29T15:03:28.926Z [INFO]: 🧹 Menu lama user 6246224358 dihapus (kembali ke menu utama)
2025-12-29T15:03:29.606Z [INFO]: ℹ️ Edit message diabaikan untuk user 6246224358, kirim ulang menu baru
2025-12-29T15:03:29.983Z [INFO]: ✅ Menu utama baru dikirim untuk user 6246224358
2025-12-29T15:03:29.983Z [INFO]: ✅ Menu utama baru dikirim ke user 6246224358
2025-12-29T15:03:33.812Z [INFO]: trial service menu sent
2025-12-29T15:03:35.516Z [INFO]: Memulai proses trial untuk vless di halaman 1
2025-12-29T15:03:37.184Z [INFO]: Memulai proses trial untuk vless di halaman 2
2025-12-29T15:03:38.700Z [INFO]: Memulai proses trial untuk vless di halaman 1
2025-12-29T16:06:51.730Z [INFO]: 📥 Perintah /start atau /menu diterima
2025-12-29T16:06:52.401Z [INFO]: ℹ️ User ID 6246224358 sudah ada
2025-12-29T16:06:52.728Z [INFO]: 🧹 Menu lama user 6246224358 dihapus
2025-12-29T16:06:53.479Z [INFO]: ✅ Menu utama baru dikirim untuk user 6246224358
2025-12-29T16:06:55.841Z [INFO]: trial service menu sent
2025-12-29T16:06:57.320Z [INFO]: Memulai proses trial untuk ssh di halaman 1
2025-12-29T16:06:58.970Z [INFO]: Memulai proses trial untuk ssh di halaman 2
2025-12-29T16:20:46.380Z [INFO]: 🧹 Menu lama user 6246224358 dihapus (kembali ke menu utama)
2025-12-29T16:20:47.073Z [INFO]: ℹ️ Edit message diabaikan untuk user 6246224358, kirim ulang menu baru
2025-12-29T16:20:47.435Z [INFO]: ✅ Menu utama baru dikirim untuk user 6246224358
2025-12-29T16:20:47.435Z [INFO]: ✅ Menu utama baru dikirim ke user 6246224358
2025-12-29T16:20:55.030Z [INFO]: trial service menu sent
2025-12-29T16:20:55.753Z [INFO]: Memulai proses trial untuk ssh di halaman 1
2025-12-29T16:20:57.197Z [INFO]: Memulai proses trial untuk ssh di halaman 2
2025-12-29T16:21:02.286Z [INFO]: Memulai proses trial untuk ssh di halaman 1
2025-12-29T16:26:25.710Z [INFO]: 📥 Perintah /start atau /menu diterima
2025-12-29T16:26:26.400Z [INFO]: ℹ️ User ID 6197482164 sudah ada
2025-12-29T16:26:27.009Z [INFO]: 🧹 Menu lama user 6197482164 dihapus
2025-12-29T16:26:27.728Z [INFO]: ✅ Menu utama baru dikirim untuk user 6197482164
2025-12-29T16:27:01.043Z [INFO]: 📌 Pesan dipin di chat 777362480
2025-12-29T16:27:01.043Z [INFO]: ✅ Broadcast sukses ke 777362480
2025-12-29T16:27:02.492Z [INFO]: 📌 Pesan dipin di chat 859249044
2025-12-29T16:27:02.492Z [INFO]: ✅ Broadcast sukses ke 859249044
2025-12-29T16:27:03.917Z [INFO]: 📌 Pesan dipin di chat 1210833546
2025-12-29T16:27:03.917Z [INFO]: ✅ Broadcast sukses ke 1210833546
2025-12-29T16:27:05.289Z [INFO]: 📌 Pesan dipin di chat 1999968178
2025-12-29T16:27:05.289Z [INFO]: ✅ Broadcast sukses ke 1999968178
2025-12-29T16:27:06.588Z [INFO]: 📌 Pesan dipin di chat 5039581855
2025-12-29T16:27:06.588Z [INFO]: ✅ Broadcast sukses ke 5039581855
2025-12-29T16:27:07.831Z [INFO]: 📌 Pesan dipin di chat 6065984416
2025-12-29T16:27:07.831Z [INFO]: ✅ Broadcast sukses ke 6065984416
2025-12-29T16:27:09.472Z [INFO]: 📌 Pesan dipin di chat 6197482164
2025-12-29T16:27:09.472Z [INFO]: ✅ Broadcast sukses ke 6197482164
2025-12-29T16:27:10.712Z [INFO]: 📌 Pesan dipin di chat 6202490359
2025-12-29T16:27:10.713Z [INFO]: ✅ Broadcast sukses ke 6202490359
2025-12-29T16:27:11.937Z [INFO]: 📌 Pesan dipin di chat 6246224358
2025-12-29T16:27:11.937Z [INFO]: ✅ Broadcast sukses ke 6246224358
2025-12-29T16:27:13.195Z [INFO]: 📌 Pesan dipin di chat 6260838668
2025-12-29T16:27:13.195Z [INFO]: ✅ Broadcast sukses ke 6260838668
2025-12-29T16:27:14.608Z [INFO]: 📌 Pesan dipin di chat 6455866147
2025-12-29T16:27:14.609Z [INFO]: ✅ Broadcast sukses ke 6455866147
2025-12-29T16:27:15.999Z [INFO]: 📌 Pesan dipin di chat 6503708777
2025-12-29T16:27:15.999Z [INFO]: ✅ Broadcast sukses ke 6503708777
2025-12-29T16:27:17.334Z [INFO]: 📌 Pesan dipin di chat 6552411421
2025-12-29T16:27:17.335Z [INFO]: ✅ Broadcast sukses ke 6552411421
2025-12-29T16:27:18.644Z [INFO]: 📌 Pesan dipin di chat 6711915076
2025-12-29T16:27:18.644Z [INFO]: ✅ Broadcast sukses ke 6711915076
2025-12-29T16:27:20.072Z [WARN]: 🚫 User 6984017410 blokir bot / belum start
2025-12-29T16:27:21.631Z [INFO]: 📌 Pesan dipin di chat 7102577443
2025-12-29T16:27:21.631Z [INFO]: ✅ Broadcast sukses ke 7102577443
2025-12-29T16:27:22.928Z [INFO]: 📌 Pesan dipin di chat 7103380149
2025-12-29T16:27:22.928Z [INFO]: ✅ Broadcast sukses ke 7103380149
2025-12-29T16:27:24.435Z [INFO]: 📌 Pesan dipin di chat 7314762219
2025-12-29T16:27:24.435Z [INFO]: ✅ Broadcast sukses ke 7314762219
2025-12-29T16:27:25.671Z [INFO]: 📌 Pesan dipin di chat 7446261712
2025-12-29T16:27:25.671Z [INFO]: ✅ Broadcast sukses ke 7446261712
2025-12-29T16:27:26.974Z [INFO]: 📌 Pesan dipin di chat 7761880504
2025-12-29T16:27:26.974Z [INFO]: ✅ Broadcast sukses ke 7761880504
2025-12-29T16:27:28.423Z [INFO]: 📌 Pesan dipin di chat 8244898088
2025-12-29T16:27:28.423Z [INFO]: ✅ Broadcast sukses ke 8244898088
2025-12-29T16:27:30.153Z [INFO]: 📌 Pesan dipin di chat 8307841425
2025-12-29T16:27:30.153Z [INFO]: ✅ Broadcast sukses ke 8307841425
2025-12-29T16:27:32.010Z [INFO]: 📌 Pesan dipin di chat 8515791037
2025-12-29T16:27:32.010Z [INFO]: ✅ Broadcast sukses ke 8515791037
2025-12-29T16:28:54.070Z [INFO]: 📥 Perintah /start atau /menu diterima
2025-12-29T16:28:54.562Z [INFO]: ℹ️ User ID 6197482164 sudah ada
2025-12-29T16:28:54.910Z [INFO]: 🧹 Menu lama user 6197482164 dihapus
2025-12-29T16:28:55.624Z [INFO]: ✅ Menu utama baru dikirim untuk user 6197482164
2025-12-29T16:29:00.224Z [INFO]: Admin menu requested
2025-12-29T16:31:19.962Z [INFO]: 📥 Proses tambah server dimulai
2025-12-29T16:31:26.866Z [INFO]: 📩 Input teks dari 6197482164: fauzifx.fanstore-vip.pro
2025-12-29T16:31:29.281Z [INFO]: 📩 Input teks dari 6197482164: dea4f2
2025-12-29T16:32:05.352Z [INFO]: 📩 Input teks dari 6197482164: BIZNET 1DEV🇮🇩
2025-12-29T16:32:08.497Z [INFO]: 📩 Input teks dari 6197482164: 200
2025-12-29T16:32:11.437Z [INFO]: 📩 Input teks dari 6197482164: 1
2025-12-29T16:32:36.818Z [INFO]: 📩 Input teks dari 6197482164: 50
2025-12-29T16:34:22.641Z [INFO]: 📩 Input teks dari 6197482164: 166
2025-12-29T16:35:09.768Z [INFO]: 📥 Perintah /start atau /menu diterima
2025-12-29T16:35:10.259Z [INFO]: ℹ️ User ID 6246224358 sudah ada
2025-12-29T16:35:10.590Z [INFO]: 🧹 Menu lama user 6246224358 dihapus
2025-12-29T16:35:11.304Z [INFO]: ✅ Menu utama baru dikirim untuk user 6246224358
2025-12-29T16:35:16.031Z [INFO]: trial service menu sent
2025-12-29T16:35:16.787Z [INFO]: Memulai proses trial untuk ssh di halaman 1
2025-12-29T16:35:18.154Z [INFO]: Memulai proses trial untuk ssh di halaman 2
2025-12-29T16:35:35.220Z [INFO]: 🧹 Menu lama user 6246224358 dihapus (kembali ke menu utama)
2025-12-29T16:35:35.713Z [INFO]: ℹ️ Edit message diabaikan untuk user 6246224358, kirim ulang menu baru
2025-12-29T16:35:36.620Z [INFO]: ✅ Menu utama baru dikirim untuk user 6246224358
2025-12-29T16:35:36.621Z [INFO]: ✅ Menu utama baru dikirim ke user 6246224358
2025-12-29T16:35:37.488Z [INFO]: 📌 Pesan dipin di chat 777362480
2025-12-29T16:35:37.489Z [INFO]: ✅ Broadcast sukses ke 777362480
2025-12-29T16:35:38.697Z [INFO]: 📌 Pesan dipin di chat 859249044
2025-12-29T16:35:38.697Z [INFO]: ✅ Broadcast sukses ke 859249044
2025-12-29T16:35:40.012Z [INFO]: 📌 Pesan dipin di chat 1210833546
2025-12-29T16:35:40.012Z [INFO]: ✅ Broadcast sukses ke 1210833546
2025-12-29T16:35:41.208Z [INFO]: 📌 Pesan dipin di chat 1999968178
2025-12-29T16:35:41.209Z [INFO]: ✅ Broadcast sukses ke 1999968178
2025-12-29T16:35:42.473Z [INFO]: 📌 Pesan dipin di chat 5039581855
2025-12-29T16:35:42.473Z [INFO]: ✅ Broadcast sukses ke 5039581855
2025-12-29T16:35:43.690Z [INFO]: 📌 Pesan dipin di chat 6065984416
2025-12-29T16:35:43.690Z [INFO]: ✅ Broadcast sukses ke 6065984416
2025-12-29T16:35:44.892Z [INFO]: 📌 Pesan dipin di chat 6197482164
2025-12-29T16:35:44.892Z [INFO]: ✅ Broadcast sukses ke 6197482164
2025-12-29T16:35:46.116Z [INFO]: 📌 Pesan dipin di chat 6202490359
2025-12-29T16:35:46.116Z [INFO]: ✅ Broadcast sukses ke 6202490359
2025-12-29T16:35:47.318Z [INFO]: 📌 Pesan dipin di chat 6246224358
2025-12-29T16:35:47.318Z [INFO]: ✅ Broadcast sukses ke 6246224358
2025-12-29T16:35:48.537Z [INFO]: 📌 Pesan dipin di chat 6260838668
2025-12-29T16:35:48.537Z [INFO]: ✅ Broadcast sukses ke 6260838668
2025-12-29T16:35:49.742Z [INFO]: 📌 Pesan dipin di chat 6455866147
2025-12-29T16:35:49.742Z [INFO]: ✅ Broadcast sukses ke 6455866147
2025-12-29T16:35:50.946Z [INFO]: 📌 Pesan dipin di chat 6503708777
2025-12-29T16:35:50.946Z [INFO]: ✅ Broadcast sukses ke 6503708777
2025-12-29T16:35:52.145Z [INFO]: 📌 Pesan dipin di chat 6552411421
2025-12-29T16:35:52.145Z [INFO]: ✅ Broadcast sukses ke 6552411421
2025-12-29T16:35:53.354Z [INFO]: 📌 Pesan dipin di chat 6711915076
2025-12-29T16:35:53.355Z [INFO]: ✅ Broadcast sukses ke 6711915076
2025-12-29T16:35:54.183Z [WARN]: 🚫 User 6984017410 blokir bot / belum start
2025-12-29T16:35:55.415Z [INFO]: 📌 Pesan dipin di chat 7102577443
2025-12-29T16:35:55.415Z [INFO]: ✅ Broadcast sukses ke 7102577443
2025-12-29T16:35:56.620Z [INFO]: 📌 Pesan dipin di chat 7103380149
2025-12-29T16:35:56.620Z [INFO]: ✅ Broadcast sukses ke 7103380149
2025-12-29T16:35:57.832Z [INFO]: 📌 Pesan dipin di chat 7314762219
2025-12-29T16:35:57.832Z [INFO]: ✅ Broadcast sukses ke 7314762219
2025-12-29T16:35:59.039Z [INFO]: 📌 Pesan dipin di chat 7446261712
2025-12-29T16:35:59.039Z [INFO]: ✅ Broadcast sukses ke 7446261712
2025-12-29T16:36:00.268Z [INFO]: 📌 Pesan dipin di chat 7761880504
2025-12-29T16:36:00.268Z [INFO]: ✅ Broadcast sukses ke 7761880504
2025-12-29T16:36:01.503Z [INFO]: 📌 Pesan dipin di chat 8244898088
2025-12-29T16:36:01.503Z [INFO]: ✅ Broadcast sukses ke 8244898088
2025-12-29T16:36:02.707Z [INFO]: 📌 Pesan dipin di chat 8307841425
2025-12-29T16:36:02.707Z [INFO]: ✅ Broadcast sukses ke 8307841425
2025-12-29T16:36:03.920Z [INFO]: 📌 Pesan dipin di chat 8515791037
2025-12-29T16:36:03.921Z [INFO]: ✅ Broadcast sukses ke 8515791037
2025-12-29T16:38:31.937Z [INFO]: 📥 Perintah /start atau /menu diterima
2025-12-29T16:38:32.473Z [INFO]: ℹ️ User ID 6197482164 sudah ada
2025-12-29T16:38:32.805Z [INFO]: 🧹 Menu lama user 6197482164 dihapus
2025-12-29T16:38:33.525Z [INFO]: ✅ Menu utama baru dikirim untuk user 6197482164
2025-12-29T16:38:47.177Z [INFO]: 📌 Pesan dipin di chat 777362480
2025-12-29T16:38:47.177Z [INFO]: ✅ Broadcast sukses ke 777362480
2025-12-29T16:38:48.777Z [INFO]: 📌 Pesan dipin di chat 859249044
2025-12-29T16:38:48.777Z [INFO]: ✅ Broadcast sukses ke 859249044
2025-12-29T16:38:49.984Z [INFO]: 📌 Pesan dipin di chat 1210833546
2025-12-29T16:38:49.984Z [INFO]: ✅ Broadcast sukses ke 1210833546
2025-12-29T16:38:51.228Z [INFO]: 📌 Pesan dipin di chat 1999968178
2025-12-29T16:38:51.229Z [INFO]: ✅ Broadcast sukses ke 1999968178
2025-12-29T16:38:52.682Z [INFO]: 📌 Pesan dipin di chat 5039581855
2025-12-29T16:38:52.683Z [INFO]: ✅ Broadcast sukses ke 5039581855
2025-12-29T16:38:54.298Z [INFO]: 📌 Pesan dipin di chat 6065984416
2025-12-29T16:38:54.298Z [INFO]: ✅ Broadcast sukses ke 6065984416
2025-12-29T16:38:55.529Z [INFO]: 📌 Pesan dipin di chat 6197482164
2025-12-29T16:38:55.530Z [INFO]: ✅ Broadcast sukses ke 6197482164
2025-12-29T16:38:56.774Z [INFO]: 📌 Pesan dipin di chat 6202490359
2025-12-29T16:38:56.774Z [INFO]: ✅ Broadcast sukses ke 6202490359
2025-12-29T16:38:58.027Z [INFO]: 📌 Pesan dipin di chat 6246224358
2025-12-29T16:38:58.027Z [INFO]: ✅ Broadcast sukses ke 6246224358
2025-12-29T16:38:59.250Z [INFO]: 📌 Pesan dipin di chat 6260838668
2025-12-29T16:38:59.250Z [INFO]: ✅ Broadcast sukses ke 6260838668
2025-12-29T16:39:00.504Z [INFO]: 📌 Pesan dipin di chat 6455866147
2025-12-29T16:39:00.504Z [INFO]: ✅ Broadcast sukses ke 6455866147
2025-12-29T16:39:01.777Z [INFO]: 📌 Pesan dipin di chat 6503708777
2025-12-29T16:39:01.778Z [INFO]: ✅ Broadcast sukses ke 6503708777
2025-12-29T16:39:02.996Z [INFO]: 📌 Pesan dipin di chat 6552411421
2025-12-29T16:39:02.997Z [INFO]: ✅ Broadcast sukses ke 6552411421
2025-12-29T16:39:04.225Z [INFO]: 📌 Pesan dipin di chat 6711915076
2025-12-29T16:39:04.225Z [INFO]: ✅ Broadcast sukses ke 6711915076
2025-12-29T16:39:05.057Z [WARN]: 🚫 User 6984017410 blokir bot / belum start
2025-12-29T16:39:06.283Z [INFO]: 📌 Pesan dipin di chat 7102577443
2025-12-29T16:39:06.283Z [INFO]: ✅ Broadcast sukses ke 7102577443
2025-12-29T16:39:07.496Z [INFO]: 📌 Pesan dipin di chat 7103380149
2025-12-29T16:39:07.496Z [INFO]: ✅ Broadcast sukses ke 7103380149
2025-12-29T16:39:08.796Z [INFO]: 📌 Pesan dipin di chat 7314762219
2025-12-29T16:39:08.796Z [INFO]: ✅ Broadcast sukses ke 7314762219
2025-12-29T16:39:10.025Z [INFO]: 📌 Pesan dipin di chat 7446261712
2025-12-29T16:39:10.025Z [INFO]: ✅ Broadcast sukses ke 7446261712
2025-12-29T16:39:11.260Z [INFO]: 📌 Pesan dipin di chat 7761880504
2025-12-29T16:39:11.260Z [INFO]: ✅ Broadcast sukses ke 7761880504
2025-12-29T16:39:12.518Z [INFO]: 📌 Pesan dipin di chat 8244898088
2025-12-29T16:39:12.518Z [INFO]: ✅ Broadcast sukses ke 8244898088
2025-12-29T16:39:13.741Z [INFO]: 📌 Pesan dipin di chat 8307841425
2025-12-29T16:39:13.741Z [INFO]: ✅ Broadcast sukses ke 8307841425
2025-12-29T16:39:14.961Z [INFO]: 📌 Pesan dipin di chat 8515791037
2025-12-29T16:39:14.961Z [INFO]: ✅ Broadcast sukses ke 8515791037
2025-12-29T16:40:04.849Z [INFO]: 📥 Perintah /start atau /menu diterima
2025-12-29T16:40:05.379Z [INFO]: ℹ️ User ID 6197482164 sudah ada
2025-12-29T16:40:06.109Z [INFO]: 🧹 Menu lama user 6197482164 dihapus
2025-12-29T16:40:06.902Z [INFO]: ✅ Menu utama baru dikirim untuk user 6197482164
2025-12-29T17:03:59.221Z [INFO]: 📥 Perintah /start atau /menu diterima
2025-12-29T17:03:59.731Z [INFO]: ℹ️ User ID 6197482164 sudah ada
2025-12-29T17:04:00.074Z [INFO]: 🧹 Menu lama user 6197482164 dihapus
2025-12-29T17:04:00.813Z [INFO]: ✅ Menu utama baru dikirim untuk user 6197482164
2025-12-29T17:05:11.350Z [INFO]: 📌 Pesan dipin di chat 777362480
2025-12-29T17:05:11.350Z [INFO]: ✅ Broadcast sukses ke 777362480
2025-12-29T17:05:12.776Z [INFO]: 📌 Pesan dipin di chat 859249044
2025-12-29T17:05:12.777Z [INFO]: ✅ Broadcast sukses ke 859249044
2025-12-29T17:05:14.016Z [INFO]: 📌 Pesan dipin di chat 1210833546
2025-12-29T17:05:14.016Z [INFO]: ✅ Broadcast sukses ke 1210833546
2025-12-29T17:05:15.208Z [INFO]: 📌 Pesan dipin di chat 1999968178
2025-12-29T17:05:15.209Z [INFO]: ✅ Broadcast sukses ke 1999968178
2025-12-29T17:05:16.514Z [INFO]: 📌 Pesan dipin di chat 5039581855
2025-12-29T17:05:16.514Z [INFO]: ✅ Broadcast sukses ke 5039581855
2025-12-29T17:05:17.725Z [INFO]: 📌 Pesan dipin di chat 6065984416
2025-12-29T17:05:17.725Z [INFO]: ✅ Broadcast sukses ke 6065984416
2025-12-29T17:05:18.941Z [INFO]: 📌 Pesan dipin di chat 6197482164
2025-12-29T17:05:18.941Z [INFO]: ✅ Broadcast sukses ke 6197482164
2025-12-29T17:05:20.159Z [INFO]: 📌 Pesan dipin di chat 6202490359
2025-12-29T17:05:20.160Z [INFO]: ✅ Broadcast sukses ke 6202490359
2025-12-29T17:05:21.438Z [INFO]: 📌 Pesan dipin di chat 6246224358
2025-12-29T17:05:21.439Z [INFO]: ✅ Broadcast sukses ke 6246224358
2025-12-29T17:05:22.736Z [INFO]: 📌 Pesan dipin di chat 6260838668
2025-12-29T17:05:22.737Z [INFO]: ✅ Broadcast sukses ke 6260838668
2025-12-29T17:05:24.756Z [INFO]: 📌 Pesan dipin di chat 6455866147
2025-12-29T17:05:24.756Z [INFO]: ✅ Broadcast sukses ke 6455866147
2025-12-29T17:05:25.957Z [INFO]: 📌 Pesan dipin di chat 6503708777
2025-12-29T17:05:25.957Z [INFO]: ✅ Broadcast sukses ke 6503708777
2025-12-29T17:05:27.157Z [INFO]: 📌 Pesan dipin di chat 6552411421
2025-12-29T17:05:27.157Z [INFO]: ✅ Broadcast sukses ke 6552411421
2025-12-29T17:05:28.373Z [INFO]: 📌 Pesan dipin di chat 6711915076
2025-12-29T17:05:28.373Z [INFO]: ✅ Broadcast sukses ke 6711915076
2025-12-29T17:05:29.204Z [WARN]: 🚫 User 6984017410 blokir bot / belum start
2025-12-29T17:05:30.490Z [INFO]: 📌 Pesan dipin di chat 7102577443
2025-12-29T17:05:30.490Z [INFO]: ✅ Broadcast sukses ke 7102577443
2025-12-29T17:05:31.701Z [INFO]: 📌 Pesan dipin di chat 7103380149
2025-12-29T17:05:31.702Z [INFO]: ✅ Broadcast sukses ke 7103380149
2025-12-29T17:05:32.921Z [INFO]: 📌 Pesan dipin di chat 7314762219
2025-12-29T17:05:32.921Z [INFO]: ✅ Broadcast sukses ke 7314762219
2025-12-29T17:05:34.128Z [INFO]: 📌 Pesan dipin di chat 7446261712
2025-12-29T17:05:34.129Z [INFO]: ✅ Broadcast sukses ke 7446261712
2025-12-29T17:05:35.340Z [INFO]: 📌 Pesan dipin di chat 7761880504
2025-12-29T17:05:35.340Z [INFO]: ✅ Broadcast sukses ke 7761880504
2025-12-29T17:05:36.539Z [INFO]: 📌 Pesan dipin di chat 8244898088
2025-12-29T17:05:36.539Z [INFO]: ✅ Broadcast sukses ke 8244898088
2025-12-29T17:05:37.759Z [INFO]: 📌 Pesan dipin di chat 8307841425
2025-12-29T17:05:37.759Z [INFO]: ✅ Broadcast sukses ke 8307841425
2025-12-29T17:05:38.974Z [INFO]: 📌 Pesan dipin di chat 8515791037
2025-12-29T17:05:38.974Z [INFO]: ✅ Broadcast sukses ke 8515791037
2025-12-29T17:18:24.634Z [INFO]: 📌 Pesan dipin di chat 777362480
2025-12-29T17:18:24.634Z [INFO]: ✅ Broadcast sukses ke 777362480
2025-12-29T17:18:25.866Z [INFO]: 📌 Pesan dipin di chat 859249044
2025-12-29T17:18:25.867Z [INFO]: ✅ Broadcast sukses ke 859249044
2025-12-29T17:18:27.097Z [INFO]: 📌 Pesan dipin di chat 1210833546
2025-12-29T17:18:27.097Z [INFO]: ✅ Broadcast sukses ke 1210833546
2025-12-29T17:18:28.640Z [INFO]: 📌 Pesan dipin di chat 1999968178
2025-12-29T17:18:28.640Z [INFO]: ✅ Broadcast sukses ke 1999968178
2025-12-29T17:18:29.912Z [INFO]: 📌 Pesan dipin di chat 5039581855
2025-12-29T17:18:29.912Z [INFO]: ✅ Broadcast sukses ke 5039581855
2025-12-29T17:18:31.551Z [INFO]: 📌 Pesan dipin di chat 6065984416
2025-12-29T17:18:31.552Z [INFO]: ✅ Broadcast sukses ke 6065984416
2025-12-29T17:18:32.772Z [INFO]: 📌 Pesan dipin di chat 6197482164
2025-12-29T17:18:32.772Z [INFO]: ✅ Broadcast sukses ke 6197482164
2025-12-29T17:18:34.002Z [INFO]: 📌 Pesan dipin di chat 6202490359
2025-12-29T17:18:34.002Z [INFO]: ✅ Broadcast sukses ke 6202490359
2025-12-29T17:18:35.301Z [INFO]: 📌 Pesan dipin di chat 6246224358
2025-12-29T17:18:35.302Z [INFO]: ✅ Broadcast sukses ke 6246224358
2025-12-29T17:18:36.932Z [INFO]: 📌 Pesan dipin di chat 6260838668
2025-12-29T17:18:36.933Z [INFO]: ✅ Broadcast sukses ke 6260838668
2025-12-29T17:18:38.263Z [INFO]: 📌 Pesan dipin di chat 6455866147
2025-12-29T17:18:38.263Z [INFO]: ✅ Broadcast sukses ke 6455866147
2025-12-29T17:18:39.552Z [INFO]: 📌 Pesan dipin di chat 6503708777
2025-12-29T17:18:39.552Z [INFO]: ✅ Broadcast sukses ke 6503708777
2025-12-29T17:18:40.806Z [INFO]: 📌 Pesan dipin di chat 6552411421
2025-12-29T17:18:40.807Z [INFO]: ✅ Broadcast sukses ke 6552411421
2025-12-29T17:18:42.043Z [INFO]: 📌 Pesan dipin di chat 6711915076
2025-12-29T17:18:42.044Z [INFO]: ✅ Broadcast sukses ke 6711915076
2025-12-29T17:18:42.886Z [WARN]: 🚫 User 6984017410 blokir bot / belum start
2025-12-29T17:18:44.125Z [INFO]: 📌 Pesan dipin di chat 7102577443
2025-12-29T17:18:44.126Z [INFO]: ✅ Broadcast sukses ke 7102577443
2025-12-29T17:18:45.387Z [INFO]: 📌 Pesan dipin di chat 7103380149
2025-12-29T17:18:45.387Z [INFO]: ✅ Broadcast sukses ke 7103380149
2025-12-29T17:18:46.649Z [INFO]: 📌 Pesan dipin di chat 7314762219
2025-12-29T17:18:46.649Z [INFO]: ✅ Broadcast sukses ke 7314762219
2025-12-29T17:18:47.952Z [INFO]: 📌 Pesan dipin di chat 7446261712
2025-12-29T17:18:47.952Z [INFO]: ✅ Broadcast sukses ke 7446261712
2025-12-29T17:18:49.273Z [INFO]: 📌 Pesan dipin di chat 7761880504
2025-12-29T17:18:49.273Z [INFO]: ✅ Broadcast sukses ke 7761880504
2025-12-29T17:18:50.508Z [INFO]: 📌 Pesan dipin di chat 8244898088
2025-12-29T17:18:50.508Z [INFO]: ✅ Broadcast sukses ke 8244898088
2025-12-29T17:18:51.842Z [INFO]: 📌 Pesan dipin di chat 8307841425
2025-12-29T17:18:51.842Z [INFO]: ✅ Broadcast sukses ke 8307841425
2025-12-29T17:18:53.064Z [INFO]: 📌 Pesan dipin di chat 8515791037
2025-12-29T17:18:53.065Z [INFO]: ✅ Broadcast sukses ke 8515791037
2025-12-29T17:49:04.868Z [INFO]: 📥 Perintah /start atau /menu diterima
2025-12-29T17:49:05.524Z [INFO]: ℹ️ User ID 6197482164 sudah ada
2025-12-29T17:49:06.037Z [INFO]: 🧹 Menu lama user 6197482164 dihapus
2025-12-29T17:49:06.750Z [INFO]: ✅ Menu utama baru dikirim untuk user 6197482164
2025-12-29T17:52:43.341Z [INFO]: 📥 Perintah /start atau /menu diterima
2025-12-29T17:52:43.828Z [INFO]: ℹ️ User ID 6197482164 sudah ada
2025-12-29T17:52:44.189Z [INFO]: 🧹 Menu lama user 6197482164 dihapus
2025-12-29T17:52:44.908Z [INFO]: ✅ Menu utama baru dikirim untuk user 6197482164
2025-12-29T18:07:51.729Z [INFO]: 📥 Perintah /start atau /menu diterima
2025-12-29T18:07:52.223Z [INFO]: ℹ️ User ID 6197482164 sudah ada
2025-12-29T18:07:52.549Z [INFO]: 🧹 Menu lama user 6197482164 dihapus
2025-12-29T18:07:53.258Z [INFO]: ✅ Menu utama baru dikirim untuk user 6197482164
2025-12-29T18:22:49.623Z [INFO]: 📥 Perintah /start atau /menu diterima
2025-12-29T18:22:50.275Z [INFO]: ℹ️ User ID 7446261712 sudah ada
2025-12-29T18:22:50.781Z [INFO]: 🧹 Menu lama user 7446261712 dihapus
2025-12-29T18:22:51.507Z [INFO]: ✅ Menu utama baru dikirim untuk user 7446261712
2025-12-29T18:27:04.537Z [INFO]: Admin menu requested
2025-12-29T18:27:08.990Z [INFO]: 📜 Proses daftar server dimulai
2025-12-29T18:30:23.171Z [INFO]: 📥 Perintah /start atau /menu diterima
2025-12-29T18:30:23.683Z [INFO]: ℹ️ User ID 6197482164 sudah ada
2025-12-29T18:30:24.032Z [INFO]: 🧹 Menu lama user 6197482164 dihapus
2025-12-29T18:30:24.763Z [INFO]: ✅ Menu utama baru dikirim untuk user 6197482164
2025-12-29T19:40:32.436Z [INFO]: 🧹 Menu lama user 7446261712 dihapus (kembali ke menu utama)
2025-12-29T19:40:33.131Z [INFO]: ℹ️ Edit message diabaikan untuk user 7446261712, kirim ulang menu baru
2025-12-29T19:40:33.493Z [INFO]: ✅ Menu utama baru dikirim untuk user 7446261712
2025-12-29T19:40:33.493Z [INFO]: ✅ Menu utama baru dikirim ke user 7446261712
2025-12-29T19:44:07.811Z [INFO]: 📥 Perintah /start atau /menu diterima
2025-12-29T19:44:08.474Z [INFO]: ℹ️ User ID 7446261712 sudah ada
2025-12-29T19:44:08.835Z [INFO]: 🧹 Menu lama user 7446261712 dihapus
2025-12-29T19:44:09.544Z [INFO]: ✅ Menu utama baru dikirim untuk user 7446261712
2025-12-29T20:02:36.388Z [INFO]: 📥 Perintah /start atau /menu diterima
2025-12-29T20:02:36.876Z [INFO]: ℹ️ User ID 7446261712 sudah ada
2025-12-29T20:02:37.201Z [INFO]: 🧹 Menu lama user 7446261712 dihapus
2025-12-29T20:02:37.915Z [INFO]: ✅ Menu utama baru dikirim untuk user 7446261712
2025-12-30T07:05:20.441Z [INFO]: Bot initialized
2025-12-30T07:05:20.445Z [INFO]: User state initialized
2025-12-30T07:05:20.457Z [INFO]: Express server listening on port 50123
2025-12-30T07:05:20.527Z [INFO]: ✅ Terhubung ke SQLite3
2025-12-30T07:05:20.534Z [INFO]: ✅ Tabel bonus_config siap
2025-12-30T07:05:20.535Z [INFO]: Pending deposit loaded:
2025-12-30T07:05:20.538Z [INFO]: ✅ Default bonus_config dijamin ada
2025-12-30T07:05:20.539Z [INFO]: ✅ Tabel bonus_log siap
2025-12-30T07:05:20.540Z [INFO]: ✅ Tabel pending_deposits siap
2025-12-30T07:05:20.542Z [INFO]: ✅ Tabel log_penjualan siap
2025-12-30T07:05:20.543Z [INFO]: ✅ Tabel unlimited_trial_users siap
2025-12-30T07:05:20.544Z [INFO]: ✅ Tabel ui_config siap
2025-12-30T07:05:20.544Z [INFO]: ✅ Default ui_config dijamin ada
2025-12-30T07:05:20.549Z [INFO]: ℹ️ Kolom show_sewa_script_button sudah tersedia di ui_config
2025-12-30T07:05:20.550Z [INFO]: ✅ Tabel reseller_config siap
2025-12-30T07:05:20.550Z [INFO]: ✅ Default reseller_config dijamin ada
2025-12-30T07:05:20.551Z [INFO]: ✅ Tabel topup_log siap
2025-12-30T07:05:20.552Z [INFO]: Server table created or already exists
2025-12-30T07:05:20.552Z [INFO]: Users table created or already exists
2025-12-30T07:05:21.353Z [INFO]: 📥 Perintah /start atau /menu diterima
2025-12-30T07:05:21.361Z [INFO]: 📥 Perintah /start atau /menu diterima
2025-12-30T07:05:21.361Z [INFO]: 📥 Perintah /start atau /menu diterima
2025-12-30T07:05:21.363Z [INFO]: 📥 Perintah /start atau /menu diterima
2025-12-30T07:05:21.364Z [INFO]: 📥 Perintah /start atau /menu diterima
2025-12-30T07:05:21.364Z [INFO]: 📥 Perintah /start atau /menu diterima
2025-12-30T07:05:21.364Z [INFO]: 📥 Perintah /start atau /menu diterima
2025-12-30T07:05:21.364Z [INFO]: 📥 Perintah /start atau /menu diterima
2025-12-30T07:05:21.364Z [INFO]: 📥 Perintah /start atau /menu diterima
2025-12-30T07:05:21.364Z [INFO]: 📥 Perintah /start atau /menu diterima
2025-12-30T07:05:21.365Z [INFO]: 📥 Perintah /start atau /menu diterima
2025-12-30T07:05:21.365Z [INFO]: 📥 Perintah /start atau /menu diterima
2025-12-30T07:05:21.365Z [INFO]: 📥 Perintah /start atau /menu diterima
2025-12-30T07:05:21.365Z [INFO]: 📥 Perintah /start atau /menu diterima
2025-12-30T07:05:21.365Z [INFO]: 📥 Perintah /start atau /menu diterima
2025-12-30T07:05:21.365Z [INFO]: 📥 Perintah /start atau /menu diterima
2025-12-30T07:05:21.365Z [INFO]: 📥 Perintah /start atau /menu diterima
2025-12-30T07:05:21.365Z [INFO]: 📥 Perintah /start atau /menu diterima
2025-12-30T07:05:21.365Z [INFO]: 📥 Perintah /start atau /menu diterima
2025-12-30T07:05:21.365Z [INFO]: 📥 Perintah /start atau /menu diterima
2025-12-30T07:05:21.365Z [INFO]: 📥 Perintah /start atau /menu diterima
2025-12-30T07:05:21.365Z [INFO]: 📥 Perintah /start atau /menu diterima
2025-12-30T07:05:21.365Z [INFO]: 📥 Perintah /start atau /menu diterima
2025-12-30T07:05:21.365Z [INFO]: 📥 Perintah /start atau /menu diterima
2025-12-30T07:05:21.366Z [INFO]: 📥 Perintah /start atau /menu diterima
2025-12-30T07:05:21.407Z [INFO]: Admin menu requested
2025-12-30T07:05:21.407Z [INFO]: Admin menu requested
2025-12-30T07:05:22.582Z [INFO]: ℹ️ User ID 8244898088 sudah ada
2025-12-30T07:05:22.665Z [INFO]: ℹ️ User ID 6197482164 sudah ada
2025-12-30T07:05:22.668Z [INFO]: ℹ️ User ID 6202490359 sudah ada
2025-12-30T07:05:22.673Z [INFO]: ℹ️ User ID 6197482164 sudah ada
2025-12-30T07:05:22.674Z [INFO]: ℹ️ User ID 8515791037 sudah ada
2025-12-30T07:05:22.674Z [INFO]: ℹ️ User ID 8515791037 sudah ada
2025-12-30T07:05:22.675Z [INFO]: ℹ️ User ID 6197482164 sudah ada
2025-12-30T07:05:22.694Z [INFO]: ℹ️ User ID 6202490359 sudah ada
2025-12-30T07:05:22.706Z [INFO]: ℹ️ User ID 6197482164 sudah ada
2025-12-30T07:05:22.708Z [INFO]: ℹ️ User ID 6197482164 sudah ada
2025-12-30T07:05:22.772Z [INFO]: ℹ️ User ID 6202490359 sudah ada
2025-12-30T07:05:22.777Z [INFO]: ℹ️ User ID 6202490359 sudah ada
2025-12-30T07:05:22.784Z [INFO]: ℹ️ User ID 6197482164 sudah ada
2025-12-30T07:05:22.792Z [INFO]: ℹ️ User ID 6197482164 sudah ada
2025-12-30T07:05:22.794Z [INFO]: ℹ️ User ID 7314762219 sudah ada
2025-12-30T07:05:22.806Z [INFO]: ℹ️ User ID 6197482164 sudah ada
2025-12-30T07:05:22.812Z [INFO]: ℹ️ User ID 6197482164 sudah ada
2025-12-30T07:05:22.813Z [INFO]: ℹ️ User ID 6197482164 sudah ada
2025-12-30T07:05:22.845Z [INFO]: ℹ️ User ID 7446261712 sudah ada
2025-12-30T07:05:22.856Z [INFO]: ℹ️ User ID 7446261712 sudah ada
2025-12-30T07:05:22.868Z [INFO]: ℹ️ User ID 7314762219 sudah ada
2025-12-30T07:05:22.868Z [INFO]: ℹ️ User ID 7446261712 sudah ada
2025-12-30T07:05:22.910Z [INFO]: ℹ️ User ID 7446261712 sudah ada
2025-12-30T07:05:22.933Z [INFO]: 📌 Pesan dipin di chat 777362480
2025-12-30T07:05:22.933Z [INFO]: ✅ Broadcast sukses ke 777362480
2025-12-30T07:05:23.520Z [INFO]: ✅ Menu utama baru dikirim untuk user 6197482164
2025-12-30T07:05:23.529Z [INFO]: ✅ Menu utama baru dikirim untuk user 8244898088
2025-12-30T07:05:23.533Z [INFO]: ✅ Menu utama baru dikirim untuk user 8515791037
2025-12-30T07:05:23.542Z [INFO]: ✅ Menu utama baru dikirim untuk user 6202490359
2025-12-30T07:05:23.560Z [INFO]: ✅ Menu utama baru dikirim untuk user 6197482164
2025-12-30T07:05:23.563Z [INFO]: ✅ Menu utama baru dikirim untuk user 8515791037
2025-12-30T07:05:23.588Z [INFO]: ✅ Menu utama baru dikirim untuk user 6202490359
2025-12-30T07:05:23.590Z [INFO]: ✅ Menu utama baru dikirim untuk user 6197482164
2025-12-30T07:05:23.624Z [INFO]: ✅ Menu utama baru dikirim untuk user 7446261712
2025-12-30T07:05:23.637Z [INFO]: ✅ Menu utama baru dikirim untuk user 6202490359
2025-12-30T07:05:23.639Z [INFO]: ✅ Menu utama baru dikirim untuk user 7314762219
2025-12-30T07:05:23.651Z [INFO]: ✅ Menu utama baru dikirim untuk user 6197482164
2025-12-30T07:05:23.660Z [INFO]: ✅ Menu utama baru dikirim untuk user 6202490359
2025-12-30T07:05:23.682Z [INFO]: ✅ Menu utama baru dikirim untuk user 6197482164
2025-12-30T07:05:23.705Z [INFO]: ✅ Menu utama baru dikirim untuk user 7446261712
2025-12-30T07:05:23.706Z [INFO]: ✅ Menu utama baru dikirim untuk user 7314762219
2025-12-30T07:05:23.724Z [INFO]: ✅ Menu utama baru dikirim untuk user 6197482164
2025-12-30T07:05:23.741Z [INFO]: ✅ Menu utama baru dikirim untuk user 7446261712
2025-12-30T07:05:23.747Z [INFO]: ✅ Menu utama baru dikirim untuk user 6197482164
2025-12-30T07:05:23.794Z [INFO]: ✅ Menu utama baru dikirim untuk user 6197482164
2025-12-30T07:05:23.834Z [INFO]: ✅ Menu utama baru dikirim untuk user 6197482164
2025-12-30T07:05:23.852Z [INFO]: ✅ Menu utama baru dikirim untuk user 7446261712
2025-12-30T07:05:23.882Z [INFO]: ✅ Menu utama baru dikirim untuk user 6197482164
2025-12-30T07:05:24.507Z [INFO]: 📌 Pesan dipin di chat 859249044
2025-12-30T07:05:24.508Z [INFO]: ✅ Broadcast sukses ke 859249044
2025-12-30T07:05:25.926Z [INFO]: 📌 Pesan dipin di chat 1210833546
2025-12-30T07:05:25.927Z [INFO]: ✅ Broadcast sukses ke 1210833546
2025-12-30T07:05:27.294Z [INFO]: 📌 Pesan dipin di chat 1999968178
2025-12-30T07:05:27.294Z [INFO]: ✅ Broadcast sukses ke 1999968178
2025-12-30T07:05:28.784Z [INFO]: 📌 Pesan dipin di chat 5039581855
2025-12-30T07:05:28.785Z [INFO]: ✅ Broadcast sukses ke 5039581855
2025-12-30T07:05:30.193Z [INFO]: 📌 Pesan dipin di chat 6065984416
2025-12-30T07:05:30.194Z [INFO]: ✅ Broadcast sukses ke 6065984416
2025-12-30T07:05:31.420Z [INFO]: 📌 Pesan dipin di chat 6197482164
2025-12-30T07:05:31.421Z [INFO]: ✅ Broadcast sukses ke 6197482164
2025-12-30T07:05:32.636Z [INFO]: 📌 Pesan dipin di chat 6202490359
2025-12-30T07:05:32.638Z [INFO]: ✅ Broadcast sukses ke 6202490359
2025-12-30T07:05:34.102Z [INFO]: 📌 Pesan dipin di chat 6246224358
2025-12-30T07:05:34.102Z [INFO]: ✅ Broadcast sukses ke 6246224358
2025-12-30T07:05:35.568Z [INFO]: 📌 Pesan dipin di chat 6260838668
2025-12-30T07:05:35.568Z [INFO]: ✅ Broadcast sukses ke 6260838668
2025-12-30T07:05:36.954Z [INFO]: 📌 Pesan dipin di chat 6455866147
2025-12-30T07:05:36.954Z [INFO]: ✅ Broadcast sukses ke 6455866147
2025-12-30T07:05:38.391Z [INFO]: 📌 Pesan dipin di chat 6503708777
2025-12-30T07:05:38.392Z [INFO]: ✅ Broadcast sukses ke 6503708777
2025-12-30T07:05:39.938Z [INFO]: 📌 Pesan dipin di chat 6552411421
2025-12-30T07:05:39.938Z [INFO]: ✅ Broadcast sukses ke 6552411421
2025-12-30T07:05:41.392Z [INFO]: 📌 Pesan dipin di chat 6711915076
2025-12-30T07:05:41.392Z [INFO]: ✅ Broadcast sukses ke 6711915076
2025-12-30T07:05:42.399Z [WARN]: 🚫 User 6984017410 blokir bot / belum start
2025-12-30T07:05:43.792Z [INFO]: 📌 Pesan dipin di chat 7102577443
2025-12-30T07:05:43.792Z [INFO]: ✅ Broadcast sukses ke 7102577443
2025-12-30T07:05:45.191Z [INFO]: 📌 Pesan dipin di chat 7103380149
2025-12-30T07:05:45.191Z [INFO]: ✅ Broadcast sukses ke 7103380149
2025-12-30T07:05:46.397Z [INFO]: 📌 Pesan dipin di chat 7314762219
2025-12-30T07:05:46.398Z [INFO]: ✅ Broadcast sukses ke 7314762219
2025-12-30T07:05:47.622Z [INFO]: 📌 Pesan dipin di chat 7446261712
2025-12-30T07:05:47.622Z [INFO]: ✅ Broadcast sukses ke 7446261712
2025-12-30T07:05:49.022Z [INFO]: 📌 Pesan dipin di chat 7761880504
2025-12-30T07:05:49.022Z [INFO]: ✅ Broadcast sukses ke 7761880504
2025-12-30T07:05:50.261Z [INFO]: 📌 Pesan dipin di chat 8244898088
2025-12-30T07:05:50.261Z [INFO]: ✅ Broadcast sukses ke 8244898088
2025-12-30T07:05:51.491Z [INFO]: 📌 Pesan dipin di chat 8307841425
2025-12-30T07:05:51.491Z [INFO]: ✅ Broadcast sukses ke 8307841425
2025-12-30T07:05:52.712Z [INFO]: 📌 Pesan dipin di chat 8515791037
2025-12-30T07:05:52.712Z [INFO]: ✅ Broadcast sukses ke 8515791037
2025-12-30T07:09:21.596Z [INFO]: 📥 Perintah /start atau /menu diterima
2025-12-30T07:09:22.099Z [INFO]: ℹ️ User ID 6197482164 sudah ada
2025-12-30T07:09:22.427Z [INFO]: 🧹 Menu lama user 6197482164 dihapus
2025-12-30T07:09:23.150Z [INFO]: ✅ Menu utama baru dikirim untuk user 6197482164
2025-12-30T07:10:52.814Z [INFO]: 📌 Pesan dipin di chat 777362480
2025-12-30T07:10:52.814Z [INFO]: ✅ Broadcast sukses ke 777362480
2025-12-30T07:10:54.018Z [INFO]: 📌 Pesan dipin di chat 859249044
2025-12-30T07:10:54.018Z [INFO]: ✅ Broadcast sukses ke 859249044
2025-12-30T07:10:55.247Z [INFO]: 📌 Pesan dipin di chat 1210833546
2025-12-30T07:10:55.247Z [INFO]: ✅ Broadcast sukses ke 1210833546
2025-12-30T07:10:56.684Z [INFO]: 📌 Pesan dipin di chat 1999968178
2025-12-30T07:10:56.685Z [INFO]: ✅ Broadcast sukses ke 1999968178
2025-12-30T07:10:57.942Z [INFO]: 📌 Pesan dipin di chat 5039581855
2025-12-30T07:10:57.942Z [INFO]: ✅ Broadcast sukses ke 5039581855
2025-12-30T07:10:59.184Z [INFO]: 📌 Pesan dipin di chat 6065984416
2025-12-30T07:10:59.184Z [INFO]: ✅ Broadcast sukses ke 6065984416
2025-12-30T07:11:00.400Z [INFO]: 📌 Pesan dipin di chat 6197482164
2025-12-30T07:11:00.400Z [INFO]: ✅ Broadcast sukses ke 6197482164
2025-12-30T07:11:01.616Z [INFO]: 📌 Pesan dipin di chat 6202490359
2025-12-30T07:11:01.616Z [INFO]: ✅ Broadcast sukses ke 6202490359
2025-12-30T07:11:02.892Z [INFO]: 📌 Pesan dipin di chat 6246224358
2025-12-30T07:11:02.893Z [INFO]: ✅ Broadcast sukses ke 6246224358
2025-12-30T07:11:04.122Z [INFO]: 📌 Pesan dipin di chat 6260838668
2025-12-30T07:11:04.122Z [INFO]: ✅ Broadcast sukses ke 6260838668
2025-12-30T07:11:05.357Z [INFO]: 📌 Pesan dipin di chat 6455866147
2025-12-30T07:11:05.357Z [INFO]: ✅ Broadcast sukses ke 6455866147
2025-12-30T07:11:06.572Z [INFO]: 📌 Pesan dipin di chat 6503708777
2025-12-30T07:11:06.572Z [INFO]: ✅ Broadcast sukses ke 6503708777
2025-12-30T07:11:07.795Z [INFO]: 📌 Pesan dipin di chat 6552411421
2025-12-30T07:11:07.797Z [INFO]: ✅ Broadcast sukses ke 6552411421
2025-12-30T07:11:09.015Z [INFO]: 📌 Pesan dipin di chat 6711915076
2025-12-30T07:11:09.015Z [INFO]: ✅ Broadcast sukses ke 6711915076
2025-12-30T07:11:09.852Z [WARN]: 🚫 User 6984017410 blokir bot / belum start
2025-12-30T07:11:11.057Z [INFO]: 📌 Pesan dipin di chat 7102577443
2025-12-30T07:11:11.057Z [INFO]: ✅ Broadcast sukses ke 7102577443
2025-12-30T07:11:12.279Z [INFO]: 📌 Pesan dipin di chat 7103380149
2025-12-30T07:11:12.280Z [INFO]: ✅ Broadcast sukses ke 7103380149
2025-12-30T07:11:13.503Z [INFO]: 📌 Pesan dipin di chat 7314762219
2025-12-30T07:11:13.504Z [INFO]: ✅ Broadcast sukses ke 7314762219
2025-12-30T07:11:14.714Z [INFO]: 📌 Pesan dipin di chat 7446261712
2025-12-30T07:11:14.714Z [INFO]: ✅ Broadcast sukses ke 7446261712
2025-12-30T07:11:15.915Z [INFO]: 📌 Pesan dipin di chat 7761880504
2025-12-30T07:11:15.915Z [INFO]: ✅ Broadcast sukses ke 7761880504
2025-12-30T07:11:17.135Z [INFO]: 📌 Pesan dipin di chat 8244898088
2025-12-30T07:11:17.135Z [INFO]: ✅ Broadcast sukses ke 8244898088
2025-12-30T07:11:18.338Z [INFO]: 📌 Pesan dipin di chat 8307841425
2025-12-30T07:11:18.338Z [INFO]: ✅ Broadcast sukses ke 8307841425
2025-12-30T07:11:19.552Z [INFO]: 📌 Pesan dipin di chat 8515791037
2025-12-30T07:11:19.552Z [INFO]: ✅ Broadcast sukses ke 8515791037
2025-12-30T07:14:17.936Z [INFO]: Bot initialized
2025-12-30T07:14:17.945Z [INFO]: User state initialized
2025-12-30T07:14:17.952Z [INFO]: Express server listening on port 50123
2025-12-30T07:14:18.011Z [INFO]: ✅ Terhubung ke SQLite3
2025-12-30T07:14:18.017Z [INFO]: ✅ Tabel bonus_config siap
2025-12-30T07:14:18.018Z [INFO]: Pending deposit loaded:
2025-12-30T07:14:18.024Z [INFO]: ✅ Default bonus_config dijamin ada
2025-12-30T07:14:18.024Z [INFO]: ✅ Tabel bonus_log siap
2025-12-30T07:14:18.025Z [INFO]: ✅ Tabel pending_deposits siap
2025-12-30T07:14:18.025Z [INFO]: ✅ Tabel log_penjualan siap
2025-12-30T07:14:18.026Z [INFO]: ✅ Tabel unlimited_trial_users siap
2025-12-30T07:14:18.026Z [INFO]: ✅ Tabel ui_config siap
2025-12-30T07:14:18.030Z [INFO]: ✅ Default ui_config dijamin ada
2025-12-30T07:14:18.031Z [INFO]: ℹ️ Kolom show_sewa_script_button sudah tersedia di ui_config
2025-12-30T07:14:18.031Z [INFO]: ✅ Tabel reseller_config siap
2025-12-30T07:14:18.031Z [INFO]: ✅ Default reseller_config dijamin ada
2025-12-30T07:14:18.031Z [INFO]: ✅ Tabel topup_log siap
2025-12-30T07:14:18.032Z [INFO]: Server table created or already exists
2025-12-30T07:14:18.032Z [INFO]: Users table created or already exists
2025-12-30T07:14:18.880Z [INFO]: 📥 Perintah /start atau /menu diterima
2025-12-30T07:14:18.881Z [INFO]: 📥 Perintah /start atau /menu diterima
2025-12-30T07:14:18.881Z [INFO]: 📥 Perintah /start atau /menu diterima
2025-12-30T07:14:18.881Z [INFO]: 📥 Perintah /start atau /menu diterima
2025-12-30T07:14:19.420Z [INFO]: ℹ️ User ID 7446261712 sudah ada
2025-12-30T07:14:19.708Z [INFO]: ℹ️ User ID 6197482164 sudah ada
2025-12-30T07:14:19.756Z [INFO]: ℹ️ User ID 6197482164 sudah ada
2025-12-30T07:14:19.952Z [INFO]: ℹ️ User ID 6246224358 sudah ada
2025-12-30T07:14:20.167Z [INFO]: ✅ Menu utama baru dikirim untuk user 7446261712
2025-12-30T07:14:20.242Z [INFO]: ✅ Menu utama baru dikirim untuk user 6197482164
2025-12-30T07:14:20.310Z [INFO]: ✅ Menu utama baru dikirim untuk user 6197482164
2025-12-30T07:14:20.494Z [INFO]: ✅ Menu utama baru dikirim untuk user 6246224358
2025-12-30T07:17:44.263Z [INFO]: trial service menu sent
2025-12-30T07:17:47.015Z [INFO]: Memulai proses trial untuk trojan di halaman 1
2025-12-30T07:17:53.175Z [INFO]: Memulai proses trial untuk trojan di halaman 2
2025-12-30T07:20:30.214Z [INFO]: 📥 Perintah /start atau /menu diterima
2025-12-30T07:39:00.094Z [INFO]: Bot initialized
2025-12-30T07:39:00.099Z [INFO]: User state initialized
2025-12-30T07:39:00.113Z [INFO]: Express server listening on port 50123
2025-12-30T07:39:00.191Z [INFO]: ✅ Terhubung ke SQLite3
2025-12-30T07:39:00.200Z [INFO]: ✅ Tabel bonus_config siap
2025-12-30T07:39:00.203Z [INFO]: Pending deposit loaded:
2025-12-30T07:39:00.204Z [INFO]: ✅ Default bonus_config dijamin ada
2025-12-30T07:39:00.205Z [INFO]: ✅ Tabel bonus_log siap
2025-12-30T07:39:00.206Z [INFO]: ✅ Tabel pending_deposits siap
2025-12-30T07:39:00.206Z [INFO]: ✅ Tabel log_penjualan siap
2025-12-30T07:39:00.215Z [INFO]: ✅ Tabel unlimited_trial_users siap
2025-12-30T07:39:00.216Z [INFO]: ✅ Tabel ui_config siap
2025-12-30T07:39:00.217Z [INFO]: ✅ Default ui_config dijamin ada
2025-12-30T07:39:00.217Z [INFO]: ℹ️ Kolom show_sewa_script_button sudah tersedia di ui_config
2025-12-30T07:39:00.218Z [INFO]: ✅ Tabel reseller_config siap
2025-12-30T07:39:00.218Z [INFO]: ✅ Default reseller_config dijamin ada
2025-12-30T07:39:00.219Z [INFO]: ✅ Tabel topup_log siap
2025-12-30T07:39:00.219Z [INFO]: Server table created or already exists
2025-12-30T07:39:00.219Z [INFO]: Users table created or already exists
2025-12-30T07:39:01.013Z [INFO]: 📥 Perintah /start atau /menu diterima
2025-12-30T07:39:01.014Z [INFO]: 📥 Perintah /start atau /menu diterima
2025-12-30T07:39:01.521Z [INFO]: ℹ️ User ID 6197482164 sudah ada
2025-12-30T07:39:01.849Z [INFO]: ℹ️ User ID 6202490359 sudah ada
2025-12-30T07:39:02.300Z [INFO]: ✅ Menu utama baru dikirim untuk user 6197482164
2025-12-30T07:39:02.389Z [INFO]: ✅ Menu utama baru dikirim untuk user 6202490359
2025-12-30T07:44:34.600Z [INFO]: Bot initialized
2025-12-30T07:44:34.603Z [INFO]: User state initialized
2025-12-30T07:44:34.617Z [INFO]: Express server listening on port 50123
2025-12-30T07:44:34.690Z [INFO]: ✅ Terhubung ke SQLite3
2025-12-30T07:44:34.710Z [INFO]: ✅ Tabel bonus_config siap
2025-12-30T07:44:34.711Z [INFO]: Pending deposit loaded:
2025-12-30T07:44:34.712Z [INFO]: ✅ Default bonus_config dijamin ada
2025-12-30T07:44:34.713Z [INFO]: ✅ Tabel bonus_log siap
2025-12-30T07:44:34.713Z [INFO]: ✅ Tabel pending_deposits siap
2025-12-30T07:44:34.714Z [INFO]: ✅ Tabel log_penjualan siap
2025-12-30T07:44:34.714Z [INFO]: ✅ Tabel unlimited_trial_users siap
2025-12-30T07:44:34.715Z [INFO]: ✅ Tabel ui_config siap
2025-12-30T07:44:34.715Z [INFO]: ✅ Default ui_config dijamin ada
2025-12-30T07:44:34.716Z [INFO]: ℹ️ Kolom show_sewa_script_button sudah tersedia di ui_config
2025-12-30T07:44:34.716Z [INFO]: ✅ Tabel reseller_config siap
2025-12-30T07:44:34.716Z [INFO]: ✅ Default reseller_config dijamin ada
2025-12-30T07:44:34.717Z [INFO]: ✅ Tabel topup_log siap
2025-12-30T07:44:34.717Z [INFO]: Server table created or already exists
2025-12-30T07:44:34.718Z [INFO]: Users table created or already exists
2025-12-30T07:44:35.564Z [INFO]: Admin menu requested
2025-12-30T07:45:00.822Z [INFO]: 📥 Perintah /start atau /menu diterima
2025-12-30T07:45:01.340Z [INFO]: ℹ️ User ID 6197482164 sudah ada
2025-12-30T07:45:01.685Z [INFO]: 🧹 Menu lama user 6197482164 dihapus
2025-12-30T07:45:02.517Z [INFO]: ✅ Menu utama baru dikirim untuk user 6197482164
2025-12-30T07:48:10.272Z [INFO]: 📌 Pesan dipin di chat 777362480
2025-12-30T07:48:10.273Z [INFO]: ✅ Broadcast sukses ke 777362480
2025-12-30T07:48:11.576Z [INFO]: 📌 Pesan dipin di chat 859249044
2025-12-30T07:48:11.577Z [INFO]: ✅ Broadcast sukses ke 859249044
2025-12-30T07:48:12.848Z [INFO]: 📌 Pesan dipin di chat 1210833546
2025-12-30T07:48:12.848Z [INFO]: ✅ Broadcast sukses ke 1210833546
2025-12-30T07:48:14.065Z [INFO]: 📌 Pesan dipin di chat 1999968178
2025-12-30T07:48:14.065Z [INFO]: ✅ Broadcast sukses ke 1999968178
2025-12-30T07:48:15.357Z [INFO]: 📌 Pesan dipin di chat 5039581855
2025-12-30T07:48:15.357Z [INFO]: ✅ Broadcast sukses ke 5039581855
2025-12-30T07:48:16.587Z [INFO]: 📌 Pesan dipin di chat 6065984416
2025-12-30T07:48:16.587Z [INFO]: ✅ Broadcast sukses ke 6065984416
2025-12-30T07:48:17.819Z [INFO]: 📌 Pesan dipin di chat 6197482164
2025-12-30T07:48:17.822Z [INFO]: ✅ Broadcast sukses ke 6197482164
2025-12-30T07:48:19.044Z [INFO]: 📌 Pesan dipin di chat 6202490359
2025-12-30T07:48:19.044Z [INFO]: ✅ Broadcast sukses ke 6202490359
2025-12-30T07:48:20.271Z [INFO]: 📌 Pesan dipin di chat 6246224358
2025-12-30T07:48:20.272Z [INFO]: ✅ Broadcast sukses ke 6246224358
2025-12-30T07:48:21.510Z [INFO]: 📌 Pesan dipin di chat 6260838668
2025-12-30T07:48:21.513Z [INFO]: ✅ Broadcast sukses ke 6260838668
2025-12-30T07:48:22.740Z [INFO]: 📌 Pesan dipin di chat 6455866147
2025-12-30T07:48:22.741Z [INFO]: ✅ Broadcast sukses ke 6455866147
2025-12-30T07:48:23.965Z [INFO]: 📌 Pesan dipin di chat 6503708777
2025-12-30T07:48:23.965Z [INFO]: ✅ Broadcast sukses ke 6503708777
2025-12-30T07:48:25.208Z [INFO]: 📌 Pesan dipin di chat 6552411421
2025-12-30T07:48:25.208Z [INFO]: ✅ Broadcast sukses ke 6552411421
2025-12-30T07:48:26.433Z [INFO]: 📌 Pesan dipin di chat 6711915076
2025-12-30T07:48:26.434Z [INFO]: ✅ Broadcast sukses ke 6711915076
2025-12-30T07:48:27.276Z [WARN]: 🚫 User 6984017410 blokir bot / belum start
2025-12-30T07:48:28.521Z [INFO]: 📌 Pesan dipin di chat 7102577443
2025-12-30T07:48:28.521Z [INFO]: ✅ Broadcast sukses ke 7102577443
2025-12-30T07:48:29.756Z [INFO]: 📌 Pesan dipin di chat 7103380149
2025-12-30T07:48:29.756Z [INFO]: ✅ Broadcast sukses ke 7103380149
2025-12-30T07:48:31.005Z [INFO]: 📌 Pesan dipin di chat 7314762219
2025-12-30T07:48:31.006Z [INFO]: ✅ Broadcast sukses ke 7314762219
2025-12-30T07:48:32.256Z [INFO]: 📌 Pesan dipin di chat 7446261712
2025-12-30T07:48:32.256Z [INFO]: ✅ Broadcast sukses ke 7446261712
2025-12-30T07:48:33.496Z [INFO]: 📌 Pesan dipin di chat 7761880504
2025-12-30T07:48:33.496Z [INFO]: ✅ Broadcast sukses ke 7761880504
2025-12-30T07:48:34.723Z [INFO]: 📌 Pesan dipin di chat 8244898088
2025-12-30T07:48:34.724Z [INFO]: ✅ Broadcast sukses ke 8244898088
2025-12-30T07:48:35.944Z [INFO]: 📌 Pesan dipin di chat 8307841425
2025-12-30T07:48:35.944Z [INFO]: ✅ Broadcast sukses ke 8307841425
2025-12-30T07:48:37.189Z [INFO]: 📌 Pesan dipin di chat 8515791037
2025-12-30T07:48:37.190Z [INFO]: ✅ Broadcast sukses ke 8515791037
2025-12-30T07:48:52.015Z [INFO]: 📥 Perintah /start atau /menu diterima
2025-12-30T07:48:52.514Z [INFO]: ℹ️ User ID 7446261712 sudah ada
2025-12-30T07:48:53.251Z [INFO]: ✅ Menu utama baru dikirim untuk user 7446261712
2025-12-30T07:49:04.026Z [INFO]: 🔍 User 7446261712 memulai proses top-up saldo (QRIS Orkut).
2025-12-30T07:49:04.355Z [INFO]: 🧹 Menu lama milik 7446261712 berhasil dihapus
2025-12-30T07:49:04.355Z [INFO]: 📝 Menunggu input nominal dari user 7446261712 untuk QRIS Orkut
2025-12-30T07:49:14.051Z [INFO]: 📩 Input teks dari 7446261712: 100
2025-12-30T07:59:16.748Z [INFO]: 📥 Perintah /start atau /menu diterima
2025-12-30T07:59:17.263Z [INFO]: ℹ️ User ID 6197482164 sudah ada
2025-12-30T07:59:17.589Z [INFO]: 🧹 Menu lama user 6197482164 dihapus
2025-12-30T07:59:18.306Z [INFO]: ✅ Menu utama baru dikirim untuk user 6197482164
2025-12-30T07:59:41.446Z [INFO]: trial service menu sent
2025-12-30T07:59:44.391Z [INFO]: Memulai proses trial untuk ssh di halaman 1
2025-12-30T08:00:32.018Z [INFO]: Bot initialized
2025-12-30T08:00:32.020Z [INFO]: User state initialized
2025-12-30T08:00:32.035Z [ERROR]: Express failed to start:
2025-12-30T08:00:32.100Z [INFO]: ✅ Terhubung ke SQLite3
2025-12-30T08:00:32.109Z [INFO]: ✅ Tabel bonus_config siap
2025-12-30T08:00:32.109Z [INFO]: Pending deposit loaded:
2025-12-30T08:00:32.109Z [INFO]: ✅ Default bonus_config dijamin ada
2025-12-30T08:00:32.110Z [INFO]: ✅ Tabel bonus_log siap
2025-12-30T08:00:32.114Z [INFO]: ✅ Tabel pending_deposits siap
2025-12-30T08:00:32.115Z [INFO]: ✅ Tabel log_penjualan siap
2025-12-30T08:00:32.115Z [INFO]: ✅ Tabel unlimited_trial_users siap
2025-12-30T08:00:32.116Z [INFO]: ✅ Tabel ui_config siap
2025-12-30T08:00:32.116Z [INFO]: ✅ Default ui_config dijamin ada
2025-12-30T08:00:32.117Z [INFO]: ℹ️ Kolom show_sewa_script_button sudah tersedia di ui_config
2025-12-30T08:00:32.117Z [INFO]: ✅ Tabel reseller_config siap
2025-12-30T08:00:32.118Z [INFO]: ✅ Default reseller_config dijamin ada
2025-12-30T08:00:32.118Z [INFO]: ✅ Tabel topup_log siap
2025-12-30T08:00:32.119Z [INFO]: Server table created or already exists
2025-12-30T08:00:32.119Z [INFO]: Users table created or already exists
2025-12-30T08:00:33.000Z [ERROR]: Bot failed to launch: 409: Conflict: terminated by other getUpdates request; make sure that only one bot instance is running
2025-12-30T08:03:22.386Z [INFO]: Bot initialized
2025-12-30T08:03:22.390Z [INFO]: User state initialized
2025-12-30T08:03:22.405Z [ERROR]: Express failed to start:
2025-12-30T08:03:22.472Z [INFO]: ✅ Terhubung ke SQLite3
2025-12-30T08:03:22.479Z [INFO]: ✅ Tabel bonus_config siap
2025-12-30T08:03:22.479Z [INFO]: Pending deposit loaded:
2025-12-30T08:03:22.480Z [INFO]: ✅ Default bonus_config dijamin ada
2025-12-30T08:03:22.485Z [INFO]: ✅ Tabel bonus_log siap
2025-12-30T08:03:22.486Z [INFO]: ✅ Tabel pending_deposits siap
2025-12-30T08:03:22.486Z [INFO]: ✅ Tabel log_penjualan siap
2025-12-30T08:03:22.487Z [INFO]: ✅ Tabel unlimited_trial_users siap
2025-12-30T08:03:22.488Z [INFO]: ✅ Tabel ui_config siap
2025-12-30T08:03:22.488Z [INFO]: ✅ Default ui_config dijamin ada
2025-12-30T08:03:22.489Z [INFO]: ℹ️ Kolom show_sewa_script_button sudah tersedia di ui_config
2025-12-30T08:03:22.489Z [INFO]: ✅ Tabel reseller_config siap
2025-12-30T08:03:22.490Z [INFO]: ✅ Default reseller_config dijamin ada
2025-12-30T08:03:22.490Z [INFO]: ✅ Tabel topup_log siap
2025-12-30T08:03:22.490Z [INFO]: Server table created or already exists
2025-12-30T08:03:22.491Z [INFO]: Users table created or already exists
2025-12-30T08:03:23.385Z [INFO]: 📥 Perintah /start atau /menu diterima
2025-12-30T08:03:23.386Z [INFO]: 📥 Perintah /start atau /menu diterima
2025-12-30T08:03:23.389Z [INFO]: Admin menu requested
2025-12-30T08:03:23.923Z [INFO]: ℹ️ User ID 6197482164 sudah ada
2025-12-30T08:03:24.271Z [INFO]: ℹ️ User ID 6197482164 sudah ada
2025-12-30T08:03:24.700Z [INFO]: ✅ Menu utama baru dikirim untuk user 6197482164
2025-12-30T08:03:24.799Z [INFO]: ✅ Menu utama baru dikirim untuk user 6197482164
2025-12-30T08:13:12.090Z [INFO]: Bot initialized
2025-12-30T08:13:12.097Z [INFO]: User state initialized
2025-12-30T08:13:12.109Z [ERROR]: Express failed to start:
2025-12-30T08:13:12.188Z [INFO]: ✅ Terhubung ke SQLite3
2025-12-30T08:13:12.199Z [INFO]: ✅ Tabel bonus_config siap
2025-12-30T08:13:12.199Z [INFO]: Pending deposit loaded:
2025-12-30T08:13:12.200Z [INFO]: ✅ Default bonus_config dijamin ada
2025-12-30T08:13:12.201Z [INFO]: ✅ Tabel bonus_log siap
2025-12-30T08:13:12.201Z [INFO]: ✅ Tabel pending_deposits siap
2025-12-30T08:13:12.202Z [INFO]: ✅ Tabel log_penjualan siap
2025-12-30T08:13:12.202Z [INFO]: ✅ Tabel unlimited_trial_users siap
2025-12-30T08:13:12.203Z [INFO]: ✅ Tabel ui_config siap
2025-12-30T08:13:12.204Z [INFO]: ✅ Default ui_config dijamin ada
2025-12-30T08:13:12.204Z [INFO]: ℹ️ Kolom show_sewa_script_button sudah tersedia di ui_config
2025-12-30T08:13:12.205Z [INFO]: ✅ Tabel reseller_config siap
2025-12-30T08:13:12.206Z [INFO]: ✅ Default reseller_config dijamin ada
2025-12-30T08:13:12.207Z [INFO]: ✅ Tabel topup_log siap
2025-12-30T08:13:12.207Z [INFO]: Server table created or already exists
2025-12-30T08:13:12.207Z [INFO]: Users table created or already exists
2025-12-30T08:13:13.074Z [INFO]: 📥 Perintah /start atau /menu diterima
2025-12-30T08:13:13.076Z [INFO]: Admin menu requested
2025-12-30T08:13:13.607Z [INFO]: ℹ️ User ID 7446261712 sudah ada
2025-12-30T08:13:14.365Z [INFO]: ✅ Menu utama baru dikirim untuk user 7446261712
2025-12-30T08:22:05.904Z [INFO]: Bot initialized
2025-12-30T08:22:05.906Z [INFO]: User state initialized
2025-12-30T08:22:05.917Z [ERROR]: Express failed to start:
2025-12-30T08:22:05.972Z [INFO]: ✅ Terhubung ke SQLite3
2025-12-30T08:22:05.983Z [INFO]: ✅ Tabel bonus_config siap
2025-12-30T08:22:05.983Z [INFO]: Pending deposit loaded:
2025-12-30T08:22:05.984Z [INFO]: ✅ Default bonus_config dijamin ada
2025-12-30T08:22:05.984Z [INFO]: ✅ Tabel bonus_log siap
2025-12-30T08:22:05.985Z [INFO]: ✅ Tabel pending_deposits siap
2025-12-30T08:22:05.985Z [INFO]: ✅ Tabel log_penjualan siap
2025-12-30T08:22:05.988Z [INFO]: ✅ Tabel unlimited_trial_users siap
2025-12-30T08:22:05.988Z [INFO]: ✅ Tabel ui_config siap
2025-12-30T08:22:05.989Z [INFO]: ✅ Default ui_config dijamin ada
2025-12-30T08:22:05.989Z [INFO]: ℹ️ Kolom show_sewa_script_button sudah tersedia di ui_config
2025-12-30T08:22:05.990Z [INFO]: ✅ Tabel reseller_config siap
2025-12-30T08:22:05.990Z [INFO]: ✅ Default reseller_config dijamin ada
2025-12-30T08:22:05.991Z [INFO]: ✅ Tabel topup_log siap
2025-12-30T08:22:05.991Z [INFO]: Server table created or already exists
2025-12-30T08:22:05.992Z [INFO]: Users table created or already exists
2025-12-30T08:22:06.800Z [INFO]: 📥 Perintah /start atau /menu diterima
2025-12-30T08:22:07.298Z [INFO]: ℹ️ User ID 6197482164 sudah ada
2025-12-30T08:22:08.043Z [INFO]: ✅ Menu utama baru dikirim untuk user 6197482164
2025-12-30T08:48:26.929Z [INFO]: Bot initialized
2025-12-30T08:48:26.931Z [INFO]: User state initialized
2025-12-30T08:48:26.939Z [ERROR]: Express failed to start:
2025-12-30T08:48:27.007Z [INFO]: ✅ Terhubung ke SQLite3
2025-12-30T08:48:27.020Z [INFO]: ✅ Tabel bonus_config siap
2025-12-30T08:48:27.021Z [INFO]: Pending deposit loaded:
2025-12-30T08:48:27.024Z [INFO]: ✅ Default bonus_config dijamin ada
2025-12-30T08:48:27.026Z [INFO]: ✅ Tabel bonus_log siap
2025-12-30T08:48:27.027Z [INFO]: ✅ Tabel pending_deposits siap
2025-12-30T08:48:27.028Z [INFO]: ✅ Tabel log_penjualan siap
2025-12-30T08:48:27.029Z [INFO]: ✅ Tabel unlimited_trial_users siap
2025-12-30T08:48:27.031Z [INFO]: ✅ Tabel ui_config siap
2025-12-30T08:48:27.031Z [INFO]: ✅ Default ui_config dijamin ada
2025-12-30T08:48:27.032Z [INFO]: ℹ️ Kolom show_sewa_script_button sudah tersedia di ui_config
2025-12-30T08:48:27.032Z [INFO]: ✅ Tabel reseller_config siap
2025-12-30T08:48:27.033Z [INFO]: ✅ Default reseller_config dijamin ada
2025-12-30T08:48:27.034Z [INFO]: ✅ Tabel topup_log siap
2025-12-30T08:48:27.035Z [INFO]: Server table created or already exists
2025-12-30T08:48:27.035Z [INFO]: Users table created or already exists
2025-12-30T08:48:27.880Z [INFO]: 📥 Perintah /start atau /menu diterima
2025-12-30T08:48:28.405Z [INFO]: ℹ️ User ID 6197482164 sudah ada
2025-12-30T08:48:29.290Z [INFO]: ✅ Menu utama baru dikirim untuk user 6197482164
2025-12-30T08:49:54.672Z [INFO]: 📥 Perintah /start atau /menu diterima
2025-12-30T08:49:55.188Z [INFO]: ℹ️ User ID 6197482164 sudah ada
2025-12-30T08:49:55.539Z [INFO]: 🧹 Menu lama user 6197482164 dihapus
2025-12-30T08:49:56.312Z [INFO]: ✅ Menu utama baru dikirim untuk user 6197482164
2025-12-30T08:53:06.391Z [INFO]: Bot initialized
2025-12-30T08:53:06.394Z [INFO]: User state initialized
2025-12-30T08:53:06.406Z [ERROR]: Express failed to start:
2025-12-30T08:53:06.471Z [INFO]: ✅ Terhubung ke SQLite3
2025-12-30T08:53:06.483Z [INFO]: ✅ Tabel bonus_config siap
2025-12-30T08:53:06.484Z [INFO]: Pending deposit loaded:
2025-12-30T08:53:06.485Z [INFO]: ✅ Default bonus_config dijamin ada
2025-12-30T08:53:06.487Z [INFO]: ✅ Tabel bonus_log siap
2025-12-30T08:53:06.488Z [INFO]: ✅ Tabel pending_deposits siap
2025-12-30T08:53:06.489Z [INFO]: ✅ Tabel log_penjualan siap
2025-12-30T08:53:06.489Z [INFO]: ✅ Tabel unlimited_trial_users siap
2025-12-30T08:53:06.490Z [INFO]: ✅ Tabel ui_config siap
2025-12-30T08:53:06.490Z [INFO]: ✅ Default ui_config dijamin ada
2025-12-30T08:53:06.491Z [INFO]: ℹ️ Kolom show_sewa_script_button sudah tersedia di ui_config
2025-12-30T08:53:06.492Z [INFO]: ✅ Tabel reseller_config siap
2025-12-30T08:53:06.494Z [INFO]: ✅ Default reseller_config dijamin ada
2025-12-30T08:53:06.494Z [INFO]: ✅ Tabel topup_log siap
2025-12-30T08:53:06.496Z [INFO]: Server table created or already exists
2025-12-30T08:53:06.497Z [INFO]: Users table created or already exists
2025-12-30T08:53:07.294Z [INFO]: 📥 Perintah /start atau /menu diterima
2025-12-30T08:53:07.820Z [INFO]: ℹ️ User ID 6197482164 sudah ada
2025-12-30T08:53:08.571Z [INFO]: ✅ Menu utama baru dikirim untuk user 6197482164
2025-12-30T09:16:25.009Z [INFO]: Bot initialized
2025-12-30T09:16:25.011Z [INFO]: User state initialized
2025-12-30T09:16:25.031Z [ERROR]: Express failed to start:
2025-12-30T09:16:25.113Z [INFO]: ✅ Terhubung ke SQLite3
2025-12-30T09:16:25.132Z [INFO]: ✅ Tabel bonus_config siap
2025-12-30T09:16:25.132Z [INFO]: Pending deposit loaded:
2025-12-30T09:16:25.135Z [INFO]: ✅ Default bonus_config dijamin ada
2025-12-30T09:16:25.136Z [INFO]: ✅ Tabel bonus_log siap
2025-12-30T09:16:25.136Z [INFO]: ✅ Tabel pending_deposits siap
2025-12-30T09:16:25.137Z [INFO]: ✅ Tabel log_penjualan siap
2025-12-30T09:16:25.141Z [INFO]: ✅ Tabel unlimited_trial_users siap
2025-12-30T09:16:25.143Z [INFO]: ✅ Tabel ui_config siap
2025-12-30T09:16:25.144Z [INFO]: ✅ Default ui_config dijamin ada
2025-12-30T09:16:25.145Z [INFO]: ℹ️ Kolom show_sewa_script_button sudah tersedia di ui_config
2025-12-30T09:16:25.146Z [INFO]: ✅ Tabel reseller_config siap
2025-12-30T09:16:25.146Z [INFO]: ✅ Default reseller_config dijamin ada
2025-12-30T09:16:25.147Z [INFO]: ✅ Tabel topup_log siap
2025-12-30T09:16:25.147Z [INFO]: Server table created or already exists
2025-12-30T09:16:25.148Z [INFO]: Users table created or already exists
2025-12-30T09:16:25.943Z [INFO]: 📥 Perintah /start atau /menu diterima
2025-12-30T09:16:25.944Z [INFO]: 📥 Perintah /start atau /menu diterima
2025-12-30T09:16:26.631Z [INFO]: ℹ️ User ID 7446261712 sudah ada
2025-12-30T09:16:26.809Z [INFO]: ℹ️ User ID 7446261712 sudah ada
2025-12-30T09:16:27.386Z [INFO]: ✅ Menu utama baru dikirim untuk user 7446261712
2025-12-30T09:16:27.445Z [INFO]: ✅ Menu utama baru dikirim untuk user 7446261712
2025-12-30T09:22:18.374Z [INFO]: Bot initialized
2025-12-30T09:22:18.378Z [INFO]: User state initialized
2025-12-30T09:22:18.392Z [INFO]: Express server listening on port 50123
2025-12-30T09:22:18.460Z [INFO]: ✅ Terhubung ke SQLite3
2025-12-30T09:22:18.481Z [INFO]: ✅ Tabel bonus_config siap
2025-12-30T09:22:18.481Z [INFO]: Pending deposit loaded:
2025-12-30T09:22:18.483Z [INFO]: ✅ Default bonus_config dijamin ada
2025-12-30T09:22:18.484Z [INFO]: ✅ Tabel bonus_log siap
2025-12-30T09:22:18.484Z [INFO]: ✅ Tabel pending_deposits siap
2025-12-30T09:22:18.486Z [INFO]: ✅ Tabel log_penjualan siap
2025-12-30T09:22:18.489Z [INFO]: ✅ Tabel unlimited_trial_users siap
2025-12-30T09:22:18.490Z [INFO]: ✅ Tabel ui_config siap
2025-12-30T09:22:18.493Z [INFO]: ✅ Default ui_config dijamin ada
2025-12-30T09:22:18.494Z [INFO]: ℹ️ Kolom show_sewa_script_button sudah tersedia di ui_config
2025-12-30T09:22:18.494Z [INFO]: ✅ Tabel reseller_config siap
2025-12-30T09:22:18.495Z [INFO]: ✅ Default reseller_config dijamin ada
2025-12-30T09:22:18.495Z [INFO]: ✅ Tabel topup_log siap
2025-12-30T09:22:18.496Z [INFO]: Server table created or already exists
2025-12-30T09:22:18.497Z [INFO]: Users table created or already exists
2025-12-30T09:22:19.650Z [INFO]: trial service menu sent
2025-12-30T09:27:36.892Z [INFO]: 📥 Perintah /start atau /menu diterima
2025-12-30T09:27:37.573Z [INFO]: ℹ️ User ID 6503708777 sudah ada
2025-12-30T09:27:38.320Z [INFO]: ✅ Menu utama baru dikirim untuk user 6503708777
2025-12-30T09:27:40.369Z [INFO]: trial service menu sent
2025-12-30T09:27:41.655Z [INFO]: Memulai proses trial untuk ssh di halaman 1
2025-12-30T09:27:49.954Z [INFO]: Memulai proses trial untuk ssh di halaman 2
2025-12-30T09:28:20.360Z [INFO]: Memulai proses trial untuk ssh di halaman 1
2025-12-30T09:28:25.463Z [INFO]: 🧹 Menu lama user 6503708777 dihapus (kembali ke menu utama)
2025-12-30T09:28:25.965Z [INFO]: ℹ️ Edit message diabaikan untuk user 6503708777, kirim ulang menu baru
2025-12-30T09:28:26.331Z [INFO]: ✅ Menu utama baru dikirim untuk user 6503708777
2025-12-30T09:28:26.331Z [INFO]: ✅ Menu utama baru dikirim ke user 6503708777
2025-12-30T09:28:30.254Z [INFO]: trial service menu sent
2025-12-30T09:28:32.071Z [INFO]: Memulai proses trial untuk vmess di halaman 1
2025-12-30T09:28:35.814Z [INFO]: Memulai proses trial untuk vmess di halaman 2
2025-12-30T09:29:12.372Z [INFO]: 📥 Perintah /start atau /menu diterima
2025-12-30T09:29:12.872Z [INFO]: ℹ️ User ID 6197482164 sudah ada
2025-12-30T09:29:13.602Z [INFO]: ✅ Menu utama baru dikirim untuk user 6197482164
2025-12-30T09:29:54.298Z [INFO]: 📥 Perintah /start atau /menu diterima
2025-12-30T09:29:54.800Z [INFO]: ℹ️ User ID 6197482164 sudah ada
2025-12-30T09:29:55.137Z [INFO]: 🧹 Menu lama user 6197482164 dihapus
2025-12-30T09:29:55.715Z [INFO]: ✅ Menu utama baru dikirim untuk user 6197482164
2025-12-30T09:30:52.815Z [INFO]: [LISTRESELLER] Admin 6197482164 meminta daftar reseller halaman 1
2025-12-30T09:31:15.233Z [INFO]: 📥 Perintah /start atau /menu diterima
2025-12-30T09:31:15.722Z [INFO]: ℹ️ User ID 6197482164 sudah ada
2025-12-30T09:31:16.047Z [INFO]: 🧹 Menu lama user 6197482164 dihapus
2025-12-30T09:31:16.764Z [INFO]: ✅ Menu utama baru dikirim untuk user 6197482164
2025-12-30T09:32:13.890Z [INFO]: 📌 Pesan dipin di chat 777362480
2025-12-30T09:32:13.890Z [INFO]: ✅ Broadcast sukses ke 777362480
2025-12-30T09:32:15.096Z [INFO]: 📌 Pesan dipin di chat 859249044
2025-12-30T09:32:15.099Z [INFO]: ✅ Broadcast sukses ke 859249044
2025-12-30T09:32:16.352Z [INFO]: 📌 Pesan dipin di chat 1210833546
2025-12-30T09:32:16.353Z [INFO]: ✅ Broadcast sukses ke 1210833546
2025-12-30T09:32:17.567Z [INFO]: 📌 Pesan dipin di chat 1999968178
2025-12-30T09:32:17.568Z [INFO]: ✅ Broadcast sukses ke 1999968178
2025-12-30T09:32:18.822Z [INFO]: 📌 Pesan dipin di chat 5039581855
2025-12-30T09:32:18.822Z [INFO]: ✅ Broadcast sukses ke 5039581855
2025-12-30T09:32:20.170Z [INFO]: 📌 Pesan dipin di chat 6065984416
2025-12-30T09:32:20.171Z [INFO]: ✅ Broadcast sukses ke 6065984416
2025-12-30T09:32:21.396Z [INFO]: 📌 Pesan dipin di chat 6197482164
2025-12-30T09:32:21.396Z [INFO]: ✅ Broadcast sukses ke 6197482164
2025-12-30T09:32:22.603Z [INFO]: 📌 Pesan dipin di chat 6202490359
2025-12-30T09:32:22.604Z [INFO]: ✅ Broadcast sukses ke 6202490359
2025-12-30T09:32:23.836Z [INFO]: 📌 Pesan dipin di chat 6246224358
2025-12-30T09:32:23.836Z [INFO]: ✅ Broadcast sukses ke 6246224358
2025-12-30T09:32:25.234Z [INFO]: 📌 Pesan dipin di chat 6260838668
2025-12-30T09:32:25.234Z [INFO]: ✅ Broadcast sukses ke 6260838668
2025-12-30T09:32:26.442Z [INFO]: 📌 Pesan dipin di chat 6455866147
2025-12-30T09:32:26.442Z [INFO]: ✅ Broadcast sukses ke 6455866147
2025-12-30T09:32:27.699Z [INFO]: 📌 Pesan dipin di chat 6503708777
2025-12-30T09:32:27.699Z [INFO]: ✅ Broadcast sukses ke 6503708777
2025-12-30T09:32:28.899Z [INFO]: 📌 Pesan dipin di chat 6552411421
2025-12-30T09:32:28.900Z [INFO]: ✅ Broadcast sukses ke 6552411421
2025-12-30T09:32:30.271Z [INFO]: 📌 Pesan dipin di chat 6711915076
2025-12-30T09:32:30.272Z [INFO]: ✅ Broadcast sukses ke 6711915076
2025-12-30T09:32:31.106Z [WARN]: 🚫 User 6984017410 blokir bot / belum start
2025-12-30T09:32:32.318Z [INFO]: 📌 Pesan dipin di chat 7102577443
2025-12-30T09:32:32.318Z [INFO]: ✅ Broadcast sukses ke 7102577443
2025-12-30T09:32:33.524Z [INFO]: 📌 Pesan dipin di chat 7103380149
2025-12-30T09:32:33.524Z [INFO]: ✅ Broadcast sukses ke 7103380149
2025-12-30T09:32:34.732Z [INFO]: 📌 Pesan dipin di chat 7314762219
2025-12-30T09:32:34.733Z [INFO]: ✅ Broadcast sukses ke 7314762219
2025-12-30T09:32:35.942Z [INFO]: 📌 Pesan dipin di chat 7446261712
2025-12-30T09:32:35.942Z [INFO]: ✅ Broadcast sukses ke 7446261712
2025-12-30T09:32:37.147Z [INFO]: 📌 Pesan dipin di chat 7761880504
2025-12-30T09:32:37.148Z [INFO]: ✅ Broadcast sukses ke 7761880504
2025-12-30T09:32:38.365Z [INFO]: 📌 Pesan dipin di chat 8244898088
2025-12-30T09:32:38.366Z [INFO]: ✅ Broadcast sukses ke 8244898088
2025-12-30T09:32:39.567Z [INFO]: 📌 Pesan dipin di chat 8307841425
2025-12-30T09:32:39.567Z [INFO]: ✅ Broadcast sukses ke 8307841425
2025-12-30T09:32:40.778Z [INFO]: 📌 Pesan dipin di chat 8515791037
2025-12-30T09:32:40.778Z [INFO]: ✅ Broadcast sukses ke 8515791037
2025-12-30T09:33:31.277Z [INFO]: 📥 Perintah /start atau /menu diterima
2025-12-30T09:33:31.780Z [INFO]: ℹ️ User ID 6197482164 sudah ada
2025-12-30T09:33:32.118Z [INFO]: 🧹 Menu lama user 6197482164 dihapus
2025-12-30T09:33:32.838Z [INFO]: ✅ Menu utama baru dikirim untuk user 6197482164
2025-12-30T09:34:13.764Z [INFO]: 🧹 Menu lama user 6197482164 dihapus (kembali ke menu utama)
2025-12-30T09:34:14.266Z [INFO]: ℹ️ Edit message diabaikan untuk user 6197482164, kirim ulang menu baru
2025-12-30T09:34:14.634Z [INFO]: ✅ Menu utama baru dikirim untuk user 6197482164
2025-12-30T09:34:14.634Z [INFO]: ✅ Menu utama baru dikirim ke user 6197482164
2025-12-30T09:45:47.558Z [INFO]: 📥 Perintah /start atau /menu diterima
2025-12-30T09:45:48.047Z [INFO]: ℹ️ User ID 7446261712 sudah ada
2025-12-30T09:45:48.772Z [INFO]: ✅ Menu utama baru dikirim untuk user 7446261712
2025-12-30T09:45:52.215Z [INFO]: 📥 Perintah /start atau /menu diterima
2025-12-30T09:45:52.876Z [INFO]: ℹ️ User ID 6246224358 sudah ada
2025-12-30T09:45:53.411Z [INFO]: ✅ Menu utama baru dikirim untuk user 6246224358
2025-12-30T09:57:56.576Z [INFO]: 📥 Perintah /start atau /menu diterima
2025-12-30T09:57:57.260Z [INFO]: ℹ️ User ID 6202490359 sudah ada
2025-12-30T09:57:58.181Z [INFO]: ✅ Menu utama baru dikirim untuk user 6202490359
2025-12-30T09:58:06.495Z [INFO]: renew service menu sent
2025-12-30T09:58:08.254Z [INFO]: Memulai proses renew untuk vmess di halaman 1
2025-12-30T09:58:49.919Z [INFO]: 📥 Perintah /start atau /menu diterima
2025-12-30T09:58:50.600Z [INFO]: ℹ️ User ID 6711915076 sudah ada
2025-12-30T09:58:51.155Z [INFO]: ✅ Menu utama baru dikirim untuk user 6711915076
2025-12-30T10:09:02.909Z [INFO]: 📥 Perintah /start atau /menu diterima
2025-12-30T10:09:03.739Z [INFO]: ℹ️ User ID 6197482164 sudah ada
2025-12-30T10:09:04.091Z [INFO]: 🧹 Menu lama user 6197482164 dihapus
2025-12-30T10:09:04.840Z [INFO]: ✅ Menu utama baru dikirim untuk user 6197482164
2025-12-30T10:11:24.584Z [INFO]: 📥 Perintah /start atau /menu diterima
2025-12-30T12:30:09.163Z [INFO]: ✅ Menu utama diedit untuk user 8307841425
2025-12-30T12:30:09.164Z [INFO]: ✅ Menu utama baru dikirim ke user 8307841425
2025-12-30T12:30:13.282Z [INFO]: sewascript service menu sent
2025-12-30T12:30:17.542Z [INFO]: 🧹 Menu lama user 8307841425 dihapus (kembali ke menu utama)
2025-12-30T12:30:18.043Z [INFO]: ℹ️ Edit message diabaikan untuk user 8307841425, kirim ulang menu baru
2025-12-30T12:30:18.417Z [INFO]: ✅ Menu utama baru dikirim untuk user 8307841425
2025-12-30T12:30:18.417Z [INFO]: ✅ Menu utama baru dikirim ke user 8307841425
2025-12-30T12:30:23.045Z [INFO]: create service menu sent
2025-12-30T12:30:25.781Z [INFO]: Memulai proses create untuk ssh di halaman 1
2025-12-30T12:30:52.098Z [INFO]: 📩 Input teks dari 8307841425: Jgjgcuncb
2025-12-30T12:30:57.322Z [INFO]: 📩 Input teks dari 8307841425: Ggfhvcjnm
2025-12-30T12:31:02.701Z [INFO]: 📩 Input teks dari 8307841425: 2
2025-12-30T12:31:03.105Z [INFO]: Mencoba create ssh untuk user 8307841425 di server LEASEWEB - 2DEV🇸🇬
2025-12-30T12:31:04.937Z [INFO]: ✅ Aksi Buat Akun ssh berhasil untuk user 8307841425.
2025-12-30T12:31:05.303Z [INFO]: ✅ Saldo Rp800 berhasil dikurangi untuk user 8307841425 (Buat Akun ssh)
2025-12-30T12:31:05.330Z [INFO]: ✅ Log penjualan dicatat: 8307841425 - ssh - create - Rp800 - Role: member
2025-12-30T12:31:06.014Z [INFO]: 🧹 Menu lama user 8307841425 dihapus (kembali ke menu utama)
2025-12-30T12:31:06.521Z [INFO]: ℹ️ Edit message diabaikan untuk user 8307841425, kirim ulang menu baru
2025-12-30T12:31:06.998Z [INFO]: ✅ Menu utama baru dikirim untuk user 8307841425
2025-12-30T12:31:06.999Z [INFO]: ✅ Menu utama baru dikirim ke user 8307841425
2025-12-30T12:31:07.743Z [ERROR]: ❌ Axios.post error: AxiosError: Request failed with status code 400
    at settle (/root/BotVPN2/node_modules/axios/dist/node/axios.cjs:2106:12)
    at IncomingMessage.handleStreamEnd (/root/BotVPN2/node_modules/axios/dist/node/axios.cjs:3491:11)
    at IncomingMessage.emit (node:events:531:35)
    at endReadableNT (node:internal/streams/readable:1696:12)
    at process.processTicksAndRejections (node:internal/process/task_queues:82:21)
    at Axios.request (/root/BotVPN2/node_modules/axios/dist/node/axios.cjs:4731:41)
    at process.processTicksAndRejections (node:internal/process/task_queues:95:5)
    at async axios.post (/root/BotVPN2/app.js:6282:16)
    at async sendTransactionLogToGroup (/root/BotVPN2/app.js:5549:5)
    at async afterAccountTransaction (/root/BotVPN2/app.js:5637:5)
    at async Statement.<anonymous> (/root/BotVPN2/app.js:3234:17)
2025-12-30T12:31:07.743Z [ERROR]: ❌ Gagal kirim log transaksi ke grup: Bad Request: chat not found
2025-12-30T12:31:07.744Z [INFO]: ✅ afterAccountTransaction selesai untuk user 8307841425, transaksi #28
2025-12-30T12:31:19.768Z [INFO]: trial service menu sent
2025-12-30T12:31:21.400Z [INFO]: 🧹 Menu lama user 8307841425 dihapus (kembali ke menu utama)
2025-12-30T12:31:22.191Z [INFO]: ℹ️ Edit message diabaikan untuk user 8307841425, kirim ulang menu baru
2025-12-30T12:31:22.561Z [INFO]: ✅ Menu utama baru dikirim untuk user 8307841425
2025-12-30T12:31:22.562Z [INFO]: ✅ Menu utama baru dikirim ke user 8307841425
2025-12-30T15:13:03.682Z [INFO]: 📥 Perintah /start atau /menu diterima
2025-12-30T15:13:04.369Z [INFO]: ℹ️ User ID 6197482164 sudah ada
2025-12-30T15:13:04.897Z [INFO]: 🧹 Menu lama user 6197482164 dihapus
2025-12-30T15:13:05.643Z [INFO]: ✅ Menu utama baru dikirim untuk user 6197482164
